ano,muni_id,muni_nm,uf_sigla,regiao_nm,idhm,idhm_e,idhm_l,idhm_r,espvida,rdpc,gini,pop,lat,lon
2010,3500105,ADAMANTINA,SP,Sudeste,0.79,0.75,0.852,0.772,76.13,975.43,0.51,33490,-21.685,-51.073
2010,3500204,ADOLFO,SP,Sudeste,0.73,0.648,0.844,0.71,75.62,661.65,0.38,3557,-21.235,-49.644
2010,3500303,AGUAÍ,SP,Sudeste,0.715,0.606,0.858,0.703,76.49,636.07,0.47,32089,-22.059,-46.979
2010,3500402,ÁGUAS DA PRATA,SP,Sudeste,0.781,0.716,0.886,0.75,78.13,853.39,0.52,7510,-21.937,-46.717
2010,3500501,ÁGUAS DE LINDÓIA,SP,Sudeste,0.745,0.675,0.846,0.725,75.76,730.13,0.43,17120,-22.476,-46.633
2010,3500550,ÁGUAS DE SANTA BÁRBARA,SP,Sudeste,0.757,0.695,0.84,0.744,75.41,818.15,0.48,5570,-22.881,-49.239
2010,3500600,ÁGUAS DE SÃO PEDRO,SP,Sudeste,0.854,0.825,0.89,0.849,78.37,1580.72,0.54,2680,-22.599,-47.876
2010,3500709,AGUDOS,SP,Sudeste,0.745,0.694,0.845,0.705,75.67,642.59,0.41,34113,-22.469,-48.988
2010,3500758,ALAMBARI,SP,Sudeste,0.712,0.658,0.805,0.682,73.27,556.36,0.44,4863,-23.551,-47.899
2010,3500808,ALFREDO MARCONDES,SP,Sudeste,0.741,0.71,0.84,0.682,75.41,558.38,0.36,3880,-21.955,-51.413
2010,3500907,ALTAIR,SP,Sudeste,0.687,0.581,0.8,0.698,73,616.38,0.42,3795,-20.524,-49.059
2010,3501004,ALTINÓPOLIS,SP,Sudeste,0.73,0.635,0.843,0.726,75.57,731.49,0.45,15527,-21.026,-47.374
2010,3501103,ALTO ALEGRE,SP,Sudeste,0.7,0.616,0.817,0.683,74,560.3,0.35,4100,-21.581,-50.164
2010,3501152,ALUMÍNIO,SP,Sudeste,0.766,0.732,0.841,0.729,75.47,747.27,0.42,16701,-23.535,-47.262
2010,3501202,ÁLVARES FLORENCE,SP,Sudeste,0.728,0.683,0.806,0.701,73.35,627.14,0.41,3891,-20.321,-49.911
2010,3501301,ÁLVARES MACHADO,SP,Sudeste,0.758,0.732,0.834,0.712,75.03,672.03,0.46,23494,-22.079,-51.472
2010,3501400,ÁLVARO DE CARVALHO,SP,Sudeste,0.688,0.605,0.805,0.669,73.31,512.99,0.38,3294,-22.089,-49.719
2010,3501509,ALVINLÂNDIA,SP,Sudeste,0.722,0.659,0.791,0.721,72.48,710.49,0.53,2993,-22.444,-49.763
2010,3501608,AMERICANA,SP,Sudeste,0.811,0.76,0.876,0.8,77.55,1161.68,0.47,209811,-22.739,-47.331
2010,3501707,AMÉRICO BRASILIENSE,SP,Sudeste,0.751,0.701,0.852,0.709,76.12,659.67,0.39,34370,-21.724,-48.102
2010,3501806,AMÉRICO DE CAMPOS,SP,Sudeste,0.745,0.708,0.817,0.715,74.04,686.56,0.43,5697,-20.299,-49.732
2010,3501905,AMPARO,SP,Sudeste,0.785,0.711,0.871,0.78,77.27,1027.6,0.5,65469,-22.701,-46.764
2010,3502002,ANALÂNDIA,SP,Sudeste,0.754,0.668,0.861,0.745,76.66,823.33,0.53,4254,-22.126,-47.663
2010,3502101,ANDRADINA,SP,Sudeste,0.779,0.702,0.885,0.762,78.07,919.36,0.51,54037,-20.896,-51.379
2010,3502200,ANGATUBA,SP,Sudeste,0.719,0.648,0.827,0.693,74.6,597.99,0.45,22096,-23.49,-48.413
2010,3502309,ANHEMBI,SP,Sudeste,0.721,0.637,0.863,0.681,76.78,554.16,0.42,5548,-22.789,-48.127
2010,3502408,ANHUMAS,SP,Sudeste,0.741,0.706,0.845,0.683,75.67,561.82,0.42,3702,-22.295,-51.387
2010,3502507,APARECIDA,SP,Sudeste,0.755,0.706,0.828,0.735,74.67,775.17,0.46,34630,-22.847,-45.23
2010,3502606,APARECIDA D'OESTE,SP,Sudeste,0.721,0.67,0.804,0.697,73.25,611.22,0.47,4423,-20.449,-50.88
2010,3502705,APIAÍ,SP,Sudeste,0.71,0.647,0.835,0.662,75.07,492.43,0.55,24625,-24.509,-48.843
2010,3502754,ARAÇARIGUAMA,SP,Sudeste,0.704,0.597,0.814,0.717,73.86,691.69,0.46,16906,-23.439,-47.061
2010,3502804,ARAÇATUBA,SP,Sudeste,0.788,0.744,0.841,0.782,75.46,1036.09,0.52,180211,-21.209,-50.433
2010,3502903,ARAÇOIABA DA SERRA,SP,Sudeste,0.776,0.723,0.86,0.751,76.61,853.87,0.52,27154,-23.505,-47.614
2010,3503000,ARAMINA,SP,Sudeste,0.74,0.656,0.856,0.723,76.34,721.56,0.43,5139,-20.09,-47.786
2010,3503109,ARANDU,SP,Sudeste,0.685,0.592,0.806,0.675,73.36,535.27,0.39,6074,-23.134,-49.054
2010,3503158,ARAPEÍ,SP,Sudeste,0.68,0.612,0.812,0.634,73.72,414.19,0.39,2481,-22.674,-44.448
2010,3503208,ARARAQUARA,SP,Sudeste,0.815,0.782,0.877,0.788,77.64,1080.66,0.5,206616,-21.794,-48.176
2010,3503307,ARARAS,SP,Sudeste,0.781,0.728,0.859,0.763,76.55,921.76,0.47,117824,-22.357,-47.384
2010,3503356,ARCO-ÍRIS,SP,Sudeste,0.722,0.694,0.809,0.671,73.52,520.01,0.4,1913,-21.773,-50.465
2010,3503406,AREALVA,SP,Sudeste,0.744,0.683,0.84,0.718,75.37,697.3,0.45,7814,-22.029,-48.911
2010,3503505,AREIAS,SP,Sudeste,0.697,0.672,0.803,0.627,73.18,396.78,0.44,3632,-22.58,-44.697
2010,3503604,AREIÓPOLIS,SP,Sudeste,0.695,0.594,0.823,0.686,74.37,570.09,0.36,10547,-22.668,-48.665
2010,3503703,ARIRANHA,SP,Sudeste,0.733,0.663,0.813,0.73,73.75,751.35,0.4,8532,-21.188,-48.787
2010,3503802,ARTUR NOGUEIRA,SP,Sudeste,0.749,0.681,0.827,0.745,74.63,823.24,0.46,44052,-22.573,-47.173
2010,3503901,ARUJÁ,SP,Sudeste,0.784,0.73,0.866,0.761,76.95,910.67,0.56,74506,-23.396,-46.321
2010,3503950,ASPÁSIA,SP,Sudeste,0.735,0.657,0.864,0.699,76.83,619.43,0.44,1806,-20.159,-50.733
2010,3504008,ASSIS,SP,Sudeste,0.805,0.781,0.865,0.771,76.91,967.39,0.5,93014,-22.662,-50.412
2010,3504107,ATIBAIA,SP,Sudeste,0.765,0.67,0.851,0.786,76.03,1063.52,0.53,125437,-23.117,-46.55
2010,3504206,AURIFLAMA,SP,Sudeste,0.773,0.738,0.84,0.746,75.41,829.68,0.47,14153,-20.686,-50.555
2010,3504305,AVAÍ,SP,Sudeste,0.714,0.65,0.83,0.674,74.77,531.2,0.47,4845,-22.147,-49.333
2010,3504404,AVANHANDAVA,SP,Sudeste,0.705,0.623,0.817,0.688,74,579.71,0.42,10128,-21.461,-49.95
2010,3504503,AVARÉ,SP,Sudeste,0.767,0.695,0.866,0.751,76.97,854.42,0.47,80821,-23.099,-48.926
2010,3504602,BADY BASSITT,SP,Sudeste,0.746,0.701,0.805,0.737,73.31,783.57,0.36,14593,-20.918,-49.445
2010,3504701,BALBINOS,SP,Sudeste,0.669,0.537,0.809,0.69,73.55,586.02,0.38,1365,-21.9,-49.357
2010,3504800,BÁLSAMO,SP,Sudeste,0.756,0.695,0.835,0.746,75.08,832.51,0.44,8145,-20.735,-49.584
2010,3504909,BANANAL,SP,Sudeste,0.733,0.653,0.872,0.693,77.29,595.74,0.51,10101,-22.684,-44.323
2010,3505005,BARÃO DE ANTONINA,SP,Sudeste,0.711,0.649,0.82,0.676,74.22,536.63,0.47,3085,-23.627,-49.561
2010,3505104,BARBOSA,SP,Sudeste,0.699,0.599,0.843,0.676,75.57,536.37,0.4,6414,-21.267,-49.949
2010,3505203,BARIRI,SP,Sudeste,0.75,0.662,0.867,0.736,77.04,781.34,0.42,31422,-22.074,-48.74
2010,3505302,BARRA BONITA,SP,Sudeste,0.788,0.739,0.869,0.762,77.12,915.28,0.45,35157,-22.495,-48.558
2010,3505351,BARRA DO CHAPÉU,SP,Sudeste,0.66,0.599,0.779,0.617,71.72,370.97,0.54,5165,-24.473,-49.025
2010,3505401,BARRA DO TURVO,SP,Sudeste,0.641,0.532,0.792,0.625,72.53,390.88,0.5,7481,-24.756,-48.505
2010,3505500,BARRETOS,SP,Sudeste,0.789,0.738,0.875,0.762,77.5,917,0.48,111603,-20.557,-48.568
2010,3505609,BARRINHA,SP,Sudeste,0.725,0.646,0.829,0.711,74.74,668.32,0.4,28473,-21.194,-48.164
2010,3505708,BARUERI,SP,Sudeste,0.786,0.708,0.866,0.791,76.96,1095.84,0.61,240045,-23.511,-46.876
2010,3505807,BASTOS,SP,Sudeste,0.751,0.718,0.848,0.696,75.86,609.76,0.41,20384,-21.922,-50.734
2010,3505906,BATATAIS,SP,Sudeste,0.761,0.685,0.84,0.766,75.41,941.79,0.5,56264,-20.891,-47.585
2010,3506003,BAURU,SP,Sudeste,0.801,0.752,0.854,0.8,76.26,1163.86,0.55,339356,-22.315,-49.061
2010,3506102,BEBEDOURO,SP,Sudeste,0.78,0.735,0.853,0.756,76.16,881.64,0.51,74728,-20.949,-48.479
2010,3506201,BENTO DE ABREU,SP,Sudeste,0.744,0.712,0.82,0.706,74.17,647.1,0.38,2674,-21.271,-50.812
2010,3506300,BERNARDINO DE CAMPOS,SP,Sudeste,0.734,0.662,0.838,0.713,75.26,676.6,0.45,10650,-23.013,-49.474
2010,3506359,BERTIOGA,SP,Sudeste,0.73,0.654,0.817,0.727,74.03,736.03,0.48,47231,-23.854,-46.139
2010,3506409,BILAC,SP,Sudeste,0.768,0.722,0.845,0.743,75.7,816.06,0.43,7019,-21.403,-50.471
2010,3506508,BIRIGUI,SP,Sudeste,0.78,0.734,0.869,0.743,77.14,812.51,0.42,108239,-21.289,-50.34
2010,3506607,BIRITIBA-MIRIM,SP,Sudeste,0.712,0.64,0.795,0.71,72.7,662.23,0.53,28521,-23.573,-46.039
2010,3506706,BOA ESPERANÇA DO SUL,SP,Sudeste,0.681,0.562,0.811,0.692,73.63,593.36,0.44,13557,-21.993,-48.391
2010,3506805,BOCAINA,SP,Sudeste,0.742,0.656,0.84,0.741,75.41,805.99,0.42,10714,-22.136,-48.518
2010,3506904,BOFETE,SP,Sudeste,0.705,0.609,0.821,0.7,74.23,622.11,0.46,9528,-23.102,-48.258
2010,3507001,BOITUVA,SP,Sudeste,0.78,0.728,0.861,0.757,76.67,889.51,0.49,48122,-23.283,-47.672
2010,3507100,BOM JESUS DOS PERDÕES,SP,Sudeste,0.713,0.631,0.802,0.716,73.1,688.02,0.41,19689,-23.135,-46.465
2010,3507159,BOM SUCESSO DE ITARARÉ,SP,Sudeste,0.66,0.613,0.775,0.605,71.49,344.32,0.44,3539,-24.318,-49.144
2010,3507209,BORÁ,SP,Sudeste,0.746,0.675,0.863,0.712,76.77,670.27,0.4,805,-22.27,-50.534
2010,3507308,BORACÉIA,SP,Sudeste,0.754,0.685,0.866,0.723,76.93,719.42,0.38,4265,-22.193,-48.779
2010,3507407,BORBOREMA,SP,Sudeste,0.73,0.658,0.831,0.71,74.83,664.64,0.42,14408,-21.62,-49.074
2010,3507456,BOREBI,SP,Sudeste,0.705,0.615,0.846,0.674,75.73,529.08,0.39,2271,-22.569,-48.971
2010,3507506,BOTUCATU,SP,Sudeste,0.8,0.746,0.869,0.79,77.13,1089.1,0.54,126804,-22.886,-48.445
2010,3507605,BRAGANÇA PAULISTA,SP,Sudeste,0.776,0.704,0.861,0.772,76.67,974.08,0.52,145377,-22.952,-46.542
2010,3507704,BRAÚNA,SP,Sudeste,0.737,0.664,0.83,0.725,74.77,726.71,0.43,4997,-21.499,-50.316
2010,3507753,BREJO ALEGRE,SP,Sudeste,0.71,0.618,0.826,0.702,74.54,631.02,0.39,2551,-21.166,-50.185
2010,3507803,BRODOWSKI,SP,Sudeste,0.755,0.675,0.864,0.738,76.81,787.91,0.44,21023,-20.991,-47.659
2010,3507902,BROTAS,SP,Sudeste,0.74,0.688,0.815,0.724,73.9,722.76,0.41,21507,-22.284,-48.127
2010,3508009,BURI,SP,Sudeste,0.667,0.578,0.799,0.642,72.94,435.15,0.5,18456,-23.798,-48.593
2010,3508108,BURITAMA,SP,Sudeste,0.763,0.72,0.839,0.736,75.31,779.78,0.44,15350,-21.066,-50.147
2010,3508207,BURITIZAL,SP,Sudeste,0.735,0.643,0.83,0.743,74.79,817.16,0.46,4049,-20.191,-47.708
2010,3508306,CABRÁLIA PAULISTA,SP,Sudeste,0.694,0.619,0.811,0.667,73.68,507.41,0.4,4349,-22.456,-49.338
2010,3508405,CABREÚVA,SP,Sudeste,0.738,0.678,0.828,0.717,74.67,694.03,0.42,41417,-23.308,-47.133
2010,3508504,CAÇAPAVA,SP,Sudeste,0.788,0.755,0.858,0.754,76.5,871.87,0.5,84338,-23.101,-45.707
2010,3508603,CACHOEIRA PAULISTA,SP,Sudeste,0.764,0.728,0.837,0.733,75.19,764.6,0.52,29894,-22.665,-45.009
2010,3508702,CACONDE,SP,Sudeste,0.72,0.62,0.858,0.701,76.45,627,0.5,18414,-21.529,-46.644
2010,3508801,CAFELÂNDIA,SP,Sudeste,0.742,0.661,0.867,0.714,77.01,680.71,0.46,16509,-21.803,-49.61
2010,3508900,CAIABU,SP,Sudeste,0.729,0.691,0.823,0.682,74.37,559.13,0.37,4049,-22.012,-51.236
2010,3509007,CAIEIRAS,SP,Sudeste,0.781,0.749,0.861,0.74,76.68,800.15,0.47,86281,-23.364,-46.741
2010,3509106,CAIUÁ,SP,Sudeste,0.697,0.635,0.802,0.665,73.13,500.47,0.45,4824,-21.832,-51.998
2010,3509205,CAJAMAR,SP,Sudeste,0.728,0.668,0.81,0.713,73.59,676.5,0.43,63974,-23.356,-46.877
2010,3509254,CAJATI,SP,Sudeste,0.694,0.611,0.832,0.658,74.89,481.48,0.47,28032,-24.736,-48.123
2010,3509304,CAJOBI,SP,Sudeste,0.734,0.674,0.822,0.714,74.32,679.75,0.4,9760,-20.88,-48.809
2010,3509403,CAJURU,SP,Sudeste,0.713,0.633,0.825,0.693,74.52,597.11,0.4,23252,-21.275,-47.304
2010,3509452,CAMPINA DO MONTE ALEGRE,SP,Sudeste,0.717,0.634,0.846,0.687,75.77,575.66,0.53,5525,-23.592,-48.477
2010,3509502,CAMPINAS,SP,Sudeste,0.805,0.731,0.86,0.829,76.59,1390.83,0.56,1071443,-22.906,-47.061
2010,3509601,CAMPO LIMPO PAULISTA,SP,Sudeste,0.769,0.739,0.84,0.733,75.4,767.85,0.43,73597,-23.206,-46.784
2010,3509700,CAMPOS DO JORDÃO,SP,Sudeste,0.749,0.648,0.852,0.761,76.1,911.4,0.59,47287,-22.739,-45.591
2010,3509809,CAMPOS NOVOS PAULISTA,SP,Sudeste,0.706,0.638,0.824,0.67,74.41,516.26,0.43,4520,-22.603,-50.003
2010,3509908,CANANÉIA,SP,Sudeste,0.72,0.649,0.851,0.677,76.07,540.54,0.49,11900,-25.015,-47.927
2010,3509957,CANAS,SP,Sudeste,0.704,0.677,0.797,0.646,72.83,444.72,0.43,4384,-22.704,-45.055
2010,3510005,CÂNDIDO MOTA,SP,Sudeste,0.747,0.704,0.845,0.701,75.71,627.55,0.41,29731,-22.746,-50.387
2010,3510104,CÂNDIDO RODRIGUES,SP,Sudeste,0.789,0.762,0.863,0.747,76.79,837.17,0.48,2668,-21.325,-48.631
2010,3510153,CANITAR,SP,Sudeste,0.68,0.605,0.791,0.658,72.46,480.52,0.4,4358,-23.006,-49.783
2010,3510203,CAPÃO BONITO,SP,Sudeste,0.721,0.671,0.826,0.675,74.55,534.75,0.5,45905,-24.006,-48.349
2010,3510302,CAPELA DO ALTO,SP,Sudeste,0.699,0.617,0.823,0.673,74.36,526.28,0.4,17212,-23.471,-47.735
2010,3510401,CAPIVARI,SP,Sudeste,0.75,0.669,0.848,0.744,75.89,820.46,0.46,47786,-22.995,-47.508
2010,3510500,CARAGUATATUBA,SP,Sudeste,0.759,0.705,0.845,0.735,75.68,773.99,0.5,99827,-23.62,-45.413
2010,3510609,CARAPICUÍBA,SP,Sudeste,0.749,0.693,0.842,0.721,75.52,712.78,0.46,368746,-23.523,-46.836
2010,3510708,CARDOSO,SP,Sudeste,0.722,0.636,0.853,0.695,76.18,605.99,0.42,11762,-20.082,-49.914
2010,3510807,CASA BRANCA,SP,Sudeste,0.73,0.64,0.835,0.727,75.08,737.96,0.49,25960,-21.774,-47.086
2010,3510906,CÁSSIA DOS COQUEIROS,SP,Sudeste,0.734,0.673,0.864,0.68,76.81,551.4,0.43,2618,-21.283,-47.17
2010,3511003,CASTILHO,SP,Sudeste,0.731,0.686,0.827,0.688,74.63,579.36,0.46,17334,-20.872,-51.488
2010,3511102,CATANDUVA,SP,Sudeste,0.785,0.74,0.853,0.767,76.2,945.05,0.46,112201,-21.138,-48.973
2010,3511201,CATIGUÁ,SP,Sudeste,0.751,0.676,0.852,0.734,76.12,771.78,0.43,7080,-21.049,-49.058
2010,3511300,CEDRAL,SP,Sudeste,0.766,0.689,0.872,0.749,77.3,845.41,0.42,7869,-20.903,-49.268
2010,3511409,CERQUEIRA CÉSAR,SP,Sudeste,0.729,0.666,0.821,0.71,74.23,665.36,0.43,17272,-23.036,-49.166
2010,3511508,CERQUILHO,SP,Sudeste,0.782,0.739,0.854,0.758,76.21,894.52,0.42,39409,-23.165,-47.744
2010,3511607,CESÁRIO LANGE,SP,Sudeste,0.706,0.611,0.804,0.715,73.23,684.95,0.43,14470,-23.227,-47.953
2010,3511706,CHARQUEADA,SP,Sudeste,0.736,0.675,0.82,0.72,74.18,705.01,0.4,15029,-22.51,-47.778
2010,3511904,CLEMENTINA,SP,Sudeste,0.725,0.66,0.821,0.704,74.25,640.87,0.37,7035,-21.56,-50.449
2010,3512001,COLINA,SP,Sudeste,0.757,0.712,0.845,0.72,75.71,706.69,0.46,17279,-20.713,-48.541
2010,3512100,COLÔMBIA,SP,Sudeste,0.71,0.647,0.802,0.689,73.13,582.53,0.4,5982,-20.176,-48.689
2010,3512209,CONCHAL,SP,Sudeste,0.708,0.614,0.827,0.699,74.64,617.76,0.43,25103,-22.33,-47.173
2010,3512308,CONCHAS,SP,Sudeste,0.736,0.658,0.837,0.725,75.19,730.42,0.49,16171,-23.015,-48.011
2010,3512407,CORDEIRÓPOLIS,SP,Sudeste,0.758,0.674,0.858,0.754,76.45,873.87,0.44,20946,-22.482,-47.457
2010,3512506,COROADOS,SP,Sudeste,0.719,0.648,0.816,0.704,73.96,638.21,0.39,5224,-21.352,-50.281
2010,3512605,CORONEL MACEDO,SP,Sudeste,0.69,0.619,0.811,0.653,73.64,465.29,0.45,4965,-23.631,-49.314
2010,3512704,CORUMBATAÍ,SP,Sudeste,0.754,0.7,0.841,0.728,75.43,741.32,0.48,3863,-22.22,-47.626
2010,3512803,COSMÓPOLIS,SP,Sudeste,0.769,0.697,0.876,0.746,77.57,829.25,0.42,58446,-22.646,-47.196
2010,3512902,COSMORAMA,SP,Sudeste,0.722,0.63,0.849,0.705,75.96,643.1,0.4,7176,-20.478,-49.778
2010,3513009,COTIA,SP,Sudeste,0.78,0.707,0.851,0.789,76.05,1085.66,0.57,199329,-23.604,-46.919
2010,3513108,CRAVINHOS,SP,Sudeste,0.756,0.683,0.857,0.737,76.44,784.4,0.42,31565,-21.34,-47.729
2010,3513207,CRISTAIS PAULISTA,SP,Sudeste,0.734,0.682,0.802,0.723,73.11,721.31,0.48,7565,-20.397,-47.42
2010,3513306,CRUZÁLIA,SP,Sudeste,0.774,0.778,0.853,0.698,76.18,614.17,0.43,2272,-22.677,-50.794
2010,3513405,CRUZEIRO,SP,Sudeste,0.788,0.758,0.871,0.742,77.28,809.24,0.53,76857,-22.576,-44.963
2010,3513504,CUBATÃO,SP,Sudeste,0.737,0.681,0.821,0.716,74.23,689.21,0.45,117535,-23.895,-46.425
2010,3513603,CUNHA,SP,Sudeste,0.684,0.576,0.826,0.672,74.54,525.19,0.54,21516,-23.074,-44.96
2010,3513702,DESCALVADO,SP,Sudeste,0.76,0.687,0.865,0.74,76.92,798.74,0.45,30559,-21.904,-47.619
2010,3513801,DIADEMA,SP,Sudeste,0.757,0.716,0.844,0.717,75.65,694.55,0.43,385461,-23.686,-46.623
2010,3513850,DIRCE REIS,SP,Sudeste,0.741,0.704,0.842,0.686,75.54,570.51,0.37,1676,-20.466,-50.606
2010,3513900,DIVINOLÂNDIA,SP,Sudeste,0.734,0.645,0.85,0.72,75.97,707.97,0.48,11003,-21.661,-46.739
2010,3514007,DOBRADA,SP,Sudeste,0.718,0.655,0.818,0.691,74.1,589.47,0.38,7939,-21.517,-48.394
2010,3514106,DOIS CÓRREGOS,SP,Sudeste,0.725,0.616,0.853,0.725,76.17,727.28,0.46,24650,-22.366,-48.38
2010,3514205,DOLCINÓPOLIS,SP,Sudeste,0.742,0.709,0.825,0.699,74.5,620.98,0.36,2094,-20.123,-50.513
2010,3514304,DOURADO,SP,Sudeste,0.738,0.689,0.811,0.718,73.66,697.37,0.37,8575,-22.1,-48.318
2010,3514403,DRACENA,SP,Sudeste,0.776,0.737,0.842,0.752,75.51,862.86,0.44,41992,-21.483,-51.533
2010,3514502,DUARTINA,SP,Sudeste,0.748,0.698,0.837,0.716,75.24,688.4,0.43,12199,-22.414,-49.404
2010,3514601,DUMONT,SP,Sudeste,0.744,0.674,0.849,0.72,75.91,705.3,0.39,8143,-21.236,-47.973
2010,3514700,ECHAPORÃ,SP,Sudeste,0.745,0.69,0.834,0.719,75.01,703.55,0.53,6286,-22.429,-50.201
2010,3514809,ELDORADO,SP,Sudeste,0.691,0.615,0.847,0.633,75.82,411,0.49,14553,-24.52,-48.108
2010,3514908,ELIAS FAUSTO,SP,Sudeste,0.695,0.583,0.822,0.701,74.32,625.66,0.42,15371,-23.043,-47.374
2010,3514924,ELISIÁRIO,SP,Sudeste,0.747,0.712,0.825,0.711,74.51,666.93,0.33,3120,-21.166,-49.112
2010,3514957,EMBAÚBA,SP,Sudeste,0.73,0.641,0.84,0.723,75.42,717.97,0.36,2423,-20.983,-48.836
2010,3515004,EMBU,SP,Sudeste,0.735,0.676,0.839,0.7,75.33,622.77,0.45,239739,-23.649,-46.852
2010,3515103,EMBU-GUAÇU,SP,Sudeste,0.749,0.708,0.834,0.713,75.01,676.52,0.5,62223,-23.832,-46.811
2010,3515129,EMILIANÓPOLIS,SP,Sudeste,0.727,0.691,0.805,0.69,73.28,584.76,0.38,2997,-21.833,-51.483
2010,3515152,ENGENHEIRO COELHO,SP,Sudeste,0.732,0.668,0.815,0.72,73.87,707.37,0.45,15647,-22.488,-47.215
2010,3515186,ESPÍRITO SANTO DO PINHAL,SP,Sudeste,0.787,0.712,0.872,0.784,77.31,1048.6,0.57,41568,-22.191,-46.741
2010,3515194,ESPÍRITO SANTO DO TURVO,SP,Sudeste,0.696,0.609,0.819,0.675,74.12,533.76,0.38,4230,-22.692,-49.43
2010,3515202,ESTRELA D'OESTE,SP,Sudeste,0.76,0.705,0.873,0.712,77.4,670.65,0.39,8152,-20.288,-50.401
2010,3515301,ESTRELA DO NORTE,SP,Sudeste,0.74,0.714,0.818,0.693,74.1,597.74,0.43,2614,-22.488,-51.66
2010,3515350,EUCLIDES DA CUNHA PAULISTA,SP,Sudeste,0.704,0.655,0.802,0.663,73.13,493.91,0.45,9438,-22.561,-52.59
2010,3515400,FARTURA,SP,Sudeste,0.732,0.648,0.867,0.699,77.02,618.77,0.43,15165,-23.388,-49.51
2010,3515509,FERNANDÓPOLIS,SP,Sudeste,0.797,0.758,0.872,0.767,77.31,944,0.49,64444,-20.284,-50.246
2010,3515608,FERNANDO PRESTES,SP,Sudeste,0.758,0.68,0.859,0.746,76.55,832.72,0.41,5506,-21.264,-48.685
2010,3515657,FERNÃO,SP,Sudeste,0.703,0.617,0.843,0.668,75.55,510.09,0.4,1559,-22.359,-49.521
2010,3515707,FERRAZ DE VASCONCELOS,SP,Sudeste,0.738,0.703,0.828,0.691,74.65,587.83,0.43,167918,-23.541,-46.369
2010,3515806,FLORA RICA,SP,Sudeste,0.727,0.723,0.796,0.668,72.74,511.8,0.4,1750,-21.676,-51.384
2010,3515905,FLOREAL,SP,Sudeste,0.747,0.726,0.808,0.71,73.49,663.83,0.37,2999,-20.677,-50.145
2010,3516002,FLÓRIDA PAULISTA,SP,Sudeste,0.715,0.646,0.807,0.702,73.44,632.97,0.41,11551,-21.615,-51.174
2010,3516101,FLORÍNIA,SP,Sudeste,0.713,0.652,0.82,0.678,74.19,544.03,0.46,2823,-22.903,-50.738
2010,3516200,FRANCA,SP,Sudeste,0.78,0.753,0.842,0.749,75.5,846.57,0.46,317553,-20.539,-47.401
2010,3516309,FRANCISCO MORATO,SP,Sudeste,0.703,0.647,0.815,0.659,73.91,483.98,0.4,153736,-23.282,-46.745
2010,3516408,FRANCO DA ROCHA,SP,Sudeste,0.731,0.654,0.852,0.702,76.09,632.42,0.44,123372,-23.322,-46.727
2010,3516507,GABRIEL MONTEIRO,SP,Sudeste,0.763,0.762,0.809,0.721,73.54,712.72,0.37,2708,-21.531,-50.555
2010,3516606,GÁLIA,SP,Sudeste,0.709,0.634,0.823,0.684,74.36,565.41,0.42,6935,-22.291,-49.553
2010,3516705,GARÇA,SP,Sudeste,0.769,0.728,0.849,0.737,75.93,786.83,0.5,42762,-22.211,-49.656
2010,3516804,GASTÃO VIDIGAL,SP,Sudeste,0.723,0.635,0.817,0.727,74.03,736.47,0.42,4185,-20.799,-50.187
2010,3516853,GAVIÃO PEIXOTO,SP,Sudeste,0.719,0.676,0.802,0.687,73.14,575.08,0.35,4419,-21.839,-48.495
2010,3516903,GENERAL SALGADO,SP,Sudeste,0.747,0.702,0.808,0.734,73.5,771.92,0.45,10616,-20.648,-50.361
2010,3517000,GETULINA,SP,Sudeste,0.717,0.652,0.813,0.696,73.76,608.58,0.45,9580,-21.799,-49.929
2010,3517109,GLICÉRIO,SP,Sudeste,0.735,0.63,0.858,0.735,76.47,777.37,0.52,4545,-21.384,-50.211
2010,3517208,GUAIÇARA,SP,Sudeste,0.739,0.679,0.853,0.697,76.16,610.2,0.38,10619,-21.622,-49.799
2010,3517307,GUAIMBÊ,SP,Sudeste,0.728,0.689,0.83,0.675,74.77,532.14,0.4,5414,-21.91,-49.897
2010,3517406,GUAÍRA,SP,Sudeste,0.753,0.683,0.824,0.759,74.46,901.23,0.53,37339,-20.318,-48.311
2010,3517505,GUAPIAÇU,SP,Sudeste,0.725,0.605,0.866,0.728,76.93,741.42,0.41,17794,-20.795,-49.22
2010,3517604,GUAPIARA,SP,Sudeste,0.675,0.602,0.806,0.634,73.37,412.51,0.55,17367,-24.185,-48.533
2010,3517703,GUARÁ,SP,Sudeste,0.718,0.63,0.826,0.71,74.55,664.56,0.49,19801,-20.428,-47.824
2010,3517802,GUARAÇAÍ,SP,Sudeste,0.719,0.663,0.803,0.699,73.2,619.41,0.42,8298,-21.028,-51.207
2010,3517901,GUARACI,SP,Sudeste,0.737,0.682,0.84,0.698,75.37,615.78,0.42,9946,-20.499,-48.945
2010,3518008,GUARANI D'OESTE,SP,Sudeste,0.732,0.714,0.806,0.682,73.34,557.58,0.4,1966,-20.075,-50.339
2010,3518107,GUARANTÃ,SP,Sudeste,0.713,0.623,0.832,0.698,74.93,615.97,0.48,6387,-21.895,-49.59
2010,3518206,GUARARAPES,SP,Sudeste,0.763,0.726,0.84,0.727,75.39,739.89,0.43,30482,-21.261,-50.643
2010,3518305,GUARAREMA,SP,Sudeste,0.731,0.656,0.817,0.729,74.03,748.79,0.47,25662,-23.415,-46.035
2010,3518404,GUARATINGUETÁ,SP,Sudeste,0.798,0.751,0.886,0.764,78.17,926.78,0.54,111477,-22.816,-45.193
2010,3518503,GUAREÍ,SP,Sudeste,0.687,0.583,0.805,0.692,73.27,594.42,0.44,11720,-23.373,-48.184
2010,3518602,GUARIBA,SP,Sudeste,0.719,0.645,0.811,0.712,73.63,671.34,0.43,35336,-21.36,-48.228
2010,3518701,GUARUJÁ,SP,Sudeste,0.751,0.679,0.854,0.729,76.23,745,0.5,289668,-23.993,-46.256
2010,3518800,GUARULHOS,SP,Sudeste,0.763,0.717,0.831,0.746,74.83,829.91,0.51,1212934,-23.463,-46.533
2010,3518859,GUATAPARÁ,SP,Sudeste,0.743,0.688,0.822,0.724,74.34,723.83,0.53,6867,-21.497,-48.038
2010,3518909,GUZOLÂNDIA,SP,Sudeste,0.697,0.621,0.808,0.676,73.49,537.05,0.41,4708,-20.65,-50.662
2010,3519006,HERCULÂNDIA,SP,Sudeste,0.727,0.698,0.809,0.68,73.52,549.27,0.44,8688,-22.004,-50.385
2010,3519055,HOLAMBRA,SP,Sudeste,0.793,0.698,0.878,0.815,77.66,1274.53,0.54,11254,-22.633,-47.056
2010,3519071,HORTOLÂNDIA,SP,Sudeste,0.756,0.703,0.859,0.716,76.51,686.96,0.41,188088,-22.858,-47.22
2010,3519105,IACANGA,SP,Sudeste,0.745,0.675,0.851,0.721,76.03,712.15,0.4,9808,-21.89,-49.025
2010,3519204,IACRI,SP,Sudeste,0.733,0.655,0.857,0.701,76.42,628.14,0.44,6419,-21.858,-50.689
2010,3519253,IARAS,SP,Sudeste,0.674,0.543,0.848,0.664,75.87,497.81,0.52,4284,-22.871,-49.163
2010,3519303,IBATÉ,SP,Sudeste,0.703,0.627,0.814,0.681,73.81,552.79,0.37,30672,-21.955,-47.997
2010,3519402,IBIRÁ,SP,Sudeste,0.74,0.65,0.841,0.741,75.48,803.36,0.48,10857,-21.08,-49.241
2010,3519501,IBIRAREMA,SP,Sudeste,0.708,0.628,0.817,0.692,74.03,593.7,0.43,6689,-22.818,-50.073
2010,3519600,IBITINGA,SP,Sudeste,0.747,0.667,0.846,0.738,75.76,791.99,0.43,52942,-21.758,-48.829
2010,3519709,IBIÚNA,SP,Sudeste,0.71,0.614,0.832,0.7,74.91,624.55,0.48,70480,-23.656,-47.223
2010,3519808,ICÉM,SP,Sudeste,0.72,0.646,0.806,0.716,73.34,690.78,0.45,7448,-20.342,-49.195
2010,3519907,IEPÊ,SP,Sudeste,0.736,0.7,0.814,0.7,73.85,623.96,0.44,7560,-22.661,-51.076
2010,3520004,IGARAÇU DO TIETÊ,SP,Sudeste,0.727,0.664,0.838,0.691,75.3,590.77,0.36,23255,-22.509,-48.558
2010,3520103,IGARAPAVA,SP,Sudeste,0.768,0.671,0.835,0.809,75.08,1228.09,0.67,27713,-20.038,-47.747
2010,3520202,IGARATÁ,SP,Sudeste,0.711,0.616,0.855,0.683,76.28,561.31,0.41,8772,-23.204,-46.156
2010,3520301,IGUAPE,SP,Sudeste,0.726,0.653,0.847,0.691,75.84,588.36,0.55,28565,-24.708,-47.555
2010,3520400,ILHABELA,SP,Sudeste,0.756,0.693,0.843,0.739,75.56,794.57,0.49,27892,-23.778,-45.358
2010,3520426,ILHA COMPRIDA,SP,Sudeste,0.725,0.666,0.823,0.696,74.36,608.83,0.46,8875,-24.741,-47.54
2010,3520442,ILHA SOLTEIRA,SP,Sudeste,0.812,0.782,0.871,0.786,77.24,1063.04,0.48,24986,-20.433,-51.343
2010,3520509,INDAIATUBA,SP,Sudeste,0.788,0.738,0.837,0.791,75.22,1098.31,0.47,201009,-23.09,-47.218
2010,3520608,INDIANA,SP,Sudeste,0.761,0.733,0.843,0.714,75.56,681.29,0.45,4816,-22.174,-51.252
2010,3520707,INDIAPORÃ,SP,Sudeste,0.751,0.71,0.835,0.714,75.11,680.85,0.47,3848,-19.98,-50.29
2010,3520806,INÚBIA PAULISTA,SP,Sudeste,0.759,0.75,0.849,0.688,75.95,576.91,0.37,3575,-21.77,-50.962
2010,3520905,IPAUSSU,SP,Sudeste,0.727,0.65,0.828,0.713,74.66,677.42,0.48,13634,-23.057,-49.626
2010,3521002,IPERÓ,SP,Sudeste,0.719,0.672,0.814,0.68,73.86,551.75,0.4,26367,-23.35,-47.689
2010,3521101,IPEÚNA,SP,Sudeste,0.753,0.685,0.845,0.737,75.7,785.15,0.46,5945,-22.436,-47.719
2010,3521150,IPIGUÁ,SP,Sudeste,0.73,0.666,0.839,0.696,75.33,608.53,0.36,4455,-20.657,-49.387
2010,3521200,IPORANGA,SP,Sudeste,0.703,0.668,0.816,0.637,73.96,421.14,0.53,4215,-24.586,-48.593
2010,3521309,IPUÃ,SP,Sudeste,0.749,0.654,0.848,0.759,75.9,900.48,0.59,14093,-20.438,-48.012
2010,3521408,IRACEMÁPOLIS,SP,Sudeste,0.776,0.729,0.863,0.742,76.76,808.74,0.4,19959,-22.581,-47.519
2010,3521507,IRAPUÃ,SP,Sudeste,0.713,0.624,0.844,0.688,75.63,579.58,0.36,7224,-21.279,-49.409
2010,3521606,IRAPURU,SP,Sudeste,0.712,0.622,0.839,0.691,75.33,589.82,0.44,6385,-21.571,-51.345
2010,3521705,ITABERÁ,SP,Sudeste,0.693,0.636,0.803,0.652,73.18,462.03,0.5,17596,-23.862,-49.137
2010,3521804,ITAÍ,SP,Sudeste,0.713,0.63,0.83,0.692,74.77,594.77,0.45,22489,-23.418,-49.091
2010,3521903,ITAJOBI,SP,Sudeste,0.73,0.644,0.832,0.727,74.94,739.45,0.38,14486,-21.318,-49.054
2010,3522000,ITAJU,SP,Sudeste,0.705,0.613,0.823,0.696,74.39,609.08,0.37,3246,-21.981,-48.805
2010,3522109,ITANHAÉM,SP,Sudeste,0.745,0.701,0.823,0.716,74.36,690.67,0.5,86698,-24.183,-46.789
2010,3522158,ITAÓCA,SP,Sudeste,0.68,0.637,0.787,0.627,72.2,395.32,0.54,3205,-24.64,-48.843
2010,3522208,ITAPECERICA DA SERRA,SP,Sudeste,0.742,0.687,0.852,0.699,76.09,619.82,0.45,148726,-23.717,-46.849
2010,3522307,ITAPETININGA,SP,Sudeste,0.763,0.705,0.864,0.728,76.86,741.64,0.49,140549,-23.592,-48.053
2010,3522406,ITAPEVA,SP,Sudeste,0.732,0.697,0.803,0.702,73.18,630.48,0.53,87282,-23.982,-48.876
2010,3522505,ITAPEVI,SP,Sudeste,0.735,0.677,0.855,0.687,76.28,575.72,0.45,200303,-23.549,-46.934
2010,3522604,ITAPIRA,SP,Sudeste,0.762,0.692,0.852,0.75,76.1,849.81,0.45,67506,-22.436,-46.822
2010,3522653,ITAPIRAPUÃ PAULISTA,SP,Sudeste,0.661,0.594,0.816,0.595,73.96,323.42,0.53,3840,-24.574,-49.168
2010,3522703,ITÁPOLIS,SP,Sudeste,0.744,0.667,0.836,0.738,75.14,787.75,0.45,39812,-21.596,-48.813
2010,3522802,ITAPORANGA,SP,Sudeste,0.719,0.653,0.835,0.681,75.11,552.76,0.53,14346,-23.708,-49.49
2010,3522901,ITAPUÍ,SP,Sudeste,0.725,0.633,0.841,0.716,75.47,687.46,0.41,12138,-22.233,-48.719
2010,3523008,ITAPURA,SP,Sudeste,0.72,0.673,0.813,0.682,73.75,556.29,0.45,4249,-20.646,-51.509
2010,3523107,ITAQUAQUECETUBA,SP,Sudeste,0.714,0.648,0.844,0.665,75.66,502.85,0.42,320722,-23.486,-46.348
2010,3523206,ITARARÉ,SP,Sudeste,0.703,0.649,0.803,0.668,73.18,510.2,0.48,47640,-24.115,-49.341
2010,3523305,ITARIRI,SP,Sudeste,0.677,0.577,0.837,0.642,75.21,434.58,0.5,15247,-24.289,-47.174
2010,3523404,ITATIBA,SP,Sudeste,0.778,0.708,0.844,0.788,75.64,1080.74,0.48,101022,-23.006,-46.839
2010,3523503,ITATINGA,SP,Sudeste,0.706,0.61,0.841,0.685,75.44,568.58,0.43,17981,-23.102,-48.616
2010,3523602,ITIRAPINA,SP,Sudeste,0.724,0.636,0.813,0.734,73.77,772.14,0.48,12711,-22.253,-47.823
2010,3523701,ITIRAPUÃ,SP,Sudeste,0.707,0.636,0.826,0.673,74.55,526.62,0.44,5889,-20.641,-47.219
2010,3523800,ITOBI,SP,Sudeste,0.717,0.646,0.82,0.697,74.19,611.41,0.41,7471,-21.737,-46.975
2010,3523909,ITU,SP,Sudeste,0.773,0.692,0.854,0.782,76.23,1038.14,0.52,153278,-23.264,-47.299
2010,3524006,ITUPEVA,SP,Sudeste,0.762,0.699,0.844,0.75,75.63,848.65,0.43,44744,-23.153,-47.058
2010,3524105,ITUVERAVA,SP,Sudeste,0.765,0.694,0.841,0.768,75.47,950.39,0.52,38583,-20.339,-47.781
2010,3524204,JABORANDI,SP,Sudeste,0.711,0.627,0.845,0.679,75.71,548.22,0.39,6530,-20.688,-48.413
2010,3524303,JABOTICABAL,SP,Sudeste,0.778,0.71,0.851,0.778,76.08,1015.51,0.52,70825,-21.255,-48.322
2010,3524402,JACAREÍ,SP,Sudeste,0.777,0.749,0.837,0.749,75.2,846.53,0.49,210649,-23.305,-45.966
2010,3524501,JACI,SP,Sudeste,0.723,0.659,0.818,0.7,74.05,624.57,0.35,5475,-20.882,-49.57
2010,3524600,JACUPIRANGA,SP,Sudeste,0.717,0.644,0.832,0.687,74.89,574.52,0.53,17070,-24.693,-48.002
2010,3524709,JAGUARIÚNA,SP,Sudeste,0.784,0.715,0.862,0.782,76.74,1038.61,0.49,44108,-22.706,-46.986
2010,3524808,JALES,SP,Sudeste,0.776,0.73,0.855,0.75,76.32,850.11,0.46,46845,-20.269,-50.546
2010,3524907,JAMBEIRO,SP,Sudeste,0.756,0.69,0.86,0.727,76.61,738.52,0.49,5330,-23.254,-45.688
2010,3525003,JANDIRA,SP,Sudeste,0.76,0.706,0.841,0.738,75.46,792.33,0.48,108176,-23.528,-46.903
2010,3525102,JARDINÓPOLIS,SP,Sudeste,0.735,0.64,0.853,0.728,76.15,742.74,0.48,37497,-21.018,-47.764
2010,3525201,JARINU,SP,Sudeste,0.733,0.659,0.826,0.723,74.53,718.61,0.45,23797,-23.101,-46.728
2010,3525300,JAÚ,SP,Sudeste,0.778,0.693,0.886,0.768,78.13,951.17,0.45,130243,-22.296,-48.558
2010,3525409,JERIQUARA,SP,Sudeste,0.703,0.628,0.814,0.68,73.86,549.1,0.42,3160,-20.311,-47.589
2010,3525508,JOANÓPOLIS,SP,Sudeste,0.699,0.585,0.824,0.707,74.43,650.99,0.43,11658,-22.93,-46.276
2010,3525607,JOÃO RAMALHO,SP,Sudeste,0.741,0.71,0.818,0.701,74.1,627.59,0.42,4123,-22.25,-50.768
2010,3525706,JOSÉ BONIFÁCIO,SP,Sudeste,0.777,0.717,0.869,0.752,77.14,863.34,0.45,32651,-21.053,-49.688
2010,3525805,JÚLIO MESQUITA,SP,Sudeste,0.716,0.686,0.813,0.659,73.76,482.86,0.41,4430,-22.009,-49.787
2010,3525854,JUMIRIM,SP,Sudeste,0.741,0.655,0.863,0.721,76.75,710.27,0.39,2798,-23.087,-47.784
2010,3525904,JUNDIAÍ,SP,Sudeste,0.822,0.768,0.866,0.834,76.94,1431.55,0.53,368732,-23.186,-46.884
2010,3526001,JUNQUEIRÓPOLIS,SP,Sudeste,0.745,0.662,0.86,0.727,76.61,737.14,0.43,17409,-21.515,-51.434
2010,3526100,JUQUIÁ,SP,Sudeste,0.7,0.637,0.823,0.654,74.36,467.35,0.49,18876,-24.321,-47.635
2010,3526209,JUQUITIBA,SP,Sudeste,0.709,0.662,0.791,0.68,72.48,550.32,0.49,28464,-23.932,-47.068
2010,3526308,LAGOINHA,SP,Sudeste,0.693,0.609,0.797,0.686,72.82,573.28,0.48,4789,-23.091,-45.19
2010,3526407,LARANJAL PAULISTA,SP,Sudeste,0.729,0.639,0.829,0.732,74.73,760.58,0.41,25243,-23.05,-47.837
2010,3526506,LAVÍNIA,SP,Sudeste,0.721,0.655,0.82,0.698,74.17,614.14,0.38,5107,-21.168,-51.04
2010,3526605,LAVRINHAS,SP,Sudeste,0.729,0.707,0.823,0.665,74.38,500.59,0.55,6437,-22.571,-44.902
2010,3526704,LEME,SP,Sudeste,0.744,0.665,0.851,0.729,76.05,746.15,0.48,91247,-22.186,-47.39
2010,3526803,LENÇÓIS PAULISTA,SP,Sudeste,0.764,0.717,0.837,0.743,75.19,816.48,0.43,61212,-22.599,-48.8
2010,3526902,LIMEIRA,SP,Sudeste,0.775,0.719,0.852,0.761,76.11,910.85,0.48,274960,-22.565,-47.402
2010,3527009,LINDÓIA,SP,Sudeste,0.742,0.654,0.864,0.722,76.85,714.18,0.4,6696,-22.523,-46.65
2010,3527108,LINS,SP,Sudeste,0.786,0.733,0.869,0.762,77.13,919.53,0.45,70583,-21.679,-49.743
2010,3527207,LORENA,SP,Sudeste,0.766,0.713,0.856,0.736,76.35,781.28,0.52,82078,-22.731,-45.125
2010,3527256,LOURDES,SP,Sudeste,0.742,0.717,0.816,0.697,73.96,612,0.37,2101,-20.967,-50.224
2010,3527306,LOUVEIRA,SP,Sudeste,0.777,0.697,0.861,0.783,76.65,1047.17,0.5,37004,-23.086,-46.951
2010,3527405,LUCÉLIA,SP,Sudeste,0.752,0.695,0.841,0.728,75.48,743.2,0.46,18445,-21.72,-51.019
2010,3527504,LUCIANÓPOLIS,SP,Sudeste,0.733,0.662,0.809,0.736,73.55,779.84,0.51,2247,-22.431,-49.523
2010,3527603,LUÍS ANTÔNIO,SP,Sudeste,0.731,0.671,0.822,0.709,74.34,661.22,0.42,11249,-21.555,-47.704
2010,3527702,LUIZIÂNIA,SP,Sudeste,0.702,0.623,0.815,0.682,73.88,557.06,0.35,5008,-21.676,-50.327
2010,3527801,LUPÉRCIO,SP,Sudeste,0.724,0.674,0.83,0.679,74.81,547.3,0.4,4344,-22.415,-49.817
2010,3527900,LUTÉCIA,SP,Sudeste,0.72,0.659,0.846,0.67,75.75,516.35,0.42,2711,-22.34,-50.392
2010,3528007,MACATUBA,SP,Sudeste,0.77,0.697,0.859,0.763,76.52,920.95,0.55,16217,-22.502,-48.711
2010,3528106,MACAUBAL,SP,Sudeste,0.743,0.676,0.844,0.72,75.64,704.61,0.43,7625,-20.806,-49.964
2010,3528205,MACEDÔNIA,SP,Sudeste,0.74,0.675,0.852,0.705,76.09,644.23,0.42,3636,-20.146,-50.194
2010,3528304,MAGDA,SP,Sudeste,0.753,0.717,0.823,0.724,74.38,725.51,0.44,3200,-20.644,-50.226
2010,3528403,MAIRINQUE,SP,Sudeste,0.743,0.684,0.831,0.721,74.85,710.18,0.44,42933,-23.546,-47.183
2010,3528502,MAIRIPORÃ,SP,Sudeste,0.788,0.723,0.881,0.767,77.86,944.03,0.56,80040,-23.319,-46.587
2010,3528601,MANDURI,SP,Sudeste,0.739,0.675,0.818,0.73,74.05,750.34,0.48,8957,-23.003,-49.322
2010,3528700,MARABÁ PAULISTA,SP,Sudeste,0.677,0.591,0.809,0.65,73.54,457.56,0.39,3564,-22.108,-51.963
2010,3528809,MARACAÍ,SP,Sudeste,0.771,0.758,0.85,0.711,75.97,666.65,0.42,13303,-22.611,-50.667
2010,3528858,MARAPOAMA,SP,Sudeste,0.752,0.679,0.852,0.736,76.14,781.03,0.4,2620,-21.259,-49.129
2010,3528908,MARIÁPOLIS,SP,Sudeste,0.718,0.651,0.83,0.684,74.78,565.58,0.37,3913,-21.799,-51.181
2010,3529005,MARÍLIA,SP,Sudeste,0.798,0.776,0.854,0.768,76.26,953.2,0.5,213961,-22.214,-49.946
2010,3529104,MARINÓPOLIS,SP,Sudeste,0.731,0.694,0.825,0.681,74.5,553.24,0.43,2111,-20.441,-50.823
2010,3529203,MARTINÓPOLIS,SP,Sudeste,0.721,0.641,0.832,0.703,74.93,636,0.45,22940,-22.146,-51.171
2010,3529302,MATÃO,SP,Sudeste,0.773,0.713,0.847,0.766,75.84,940.44,0.52,76679,-21.603,-48.366
2010,3529401,MAUÁ,SP,Sudeste,0.766,0.733,0.852,0.721,76.13,709.25,0.44,414910,-23.668,-46.461
2010,3529500,MENDONÇA,SP,Sudeste,0.744,0.663,0.863,0.72,76.78,707.36,0.36,4623,-21.167,-49.581
2010,3529609,MERIDIANO,SP,Sudeste,0.731,0.667,0.817,0.717,74.04,694.38,0.4,3831,-20.359,-50.173
2010,3529658,MESÓPOLIS,SP,Sudeste,0.724,0.666,0.847,0.674,75.84,530.46,0.37,1886,-19.966,-50.638
2010,3529708,MIGUELÓPOLIS,SP,Sudeste,0.741,0.661,0.863,0.712,76.78,670.82,0.46,20370,-20.179,-48.032
2010,3529807,MINEIROS DO TIETÊ,SP,Sudeste,0.73,0.658,0.823,0.719,74.39,700.24,0.39,11982,-22.409,-48.451
2010,3529906,MIRACATU,SP,Sudeste,0.697,0.655,0.803,0.645,73.18,442.77,0.5,20336,-24.281,-47.46
2010,3530003,MIRA ESTRELA,SP,Sudeste,0.743,0.731,0.806,0.697,73.34,613.14,0.43,2820,-19.979,-50.137
2010,3530102,MIRANDÓPOLIS,SP,Sudeste,0.751,0.665,0.869,0.732,77.12,758.64,0.45,24287,-21.134,-51.102
2010,3530201,MIRANTE DO PARANAPANEMA,SP,Sudeste,0.724,0.674,0.841,0.67,75.45,516.3,0.5,16718,-22.292,-51.906
2010,3530300,MIRASSOL,SP,Sudeste,0.762,0.698,0.846,0.748,75.76,841.27,0.43,53576,-20.819,-49.521
2010,3530409,MIRASSOLÂNDIA,SP,Sudeste,0.738,0.69,0.829,0.704,74.76,639.58,0.39,4288,-20.617,-49.464
2010,3530508,MOCOCA,SP,Sudeste,0.762,0.709,0.827,0.756,74.63,881.99,0.53,65734,-21.468,-47.005
2010,3530607,MOGI DAS CRUZES,SP,Sudeste,0.783,0.74,0.851,0.762,76.07,916.81,0.54,385957,-23.523,-46.188
2010,3530706,MOGI GUAÇU,SP,Sudeste,0.774,0.736,0.852,0.74,76.1,802.19,0.44,136821,-22.372,-46.942
2010,3530805,MOJI MIRIM,SP,Sudeste,0.784,0.715,0.879,0.767,77.74,945.62,0.49,85784,-22.432,-46.958
2010,3530904,MOMBUCA,SP,Sudeste,0.719,0.607,0.82,0.746,74.18,832.07,0.61,3261,-22.929,-47.566
2010,3531001,MONÇÕES,SP,Sudeste,0.772,0.773,0.814,0.731,73.81,755.2,0.43,2128,-20.85,-50.092
2010,3531100,MONGAGUÁ,SP,Sudeste,0.754,0.699,0.854,0.719,76.24,699.73,0.5,44662,-24.087,-46.629
2010,3531209,MONTE ALEGRE DO SUL,SP,Sudeste,0.759,0.678,0.858,0.752,76.5,861.61,0.48,7128,-22.682,-46.681
2010,3531308,MONTE ALTO,SP,Sudeste,0.768,0.707,0.859,0.746,76.56,832.6,0.42,46499,-21.261,-48.496
2010,3531407,MONTE APRAZÍVEL,SP,Sudeste,0.785,0.72,0.861,0.781,76.64,1032.05,0.5,21662,-20.773,-49.714
2010,3531506,MONTE AZUL PAULISTA,SP,Sudeste,0.753,0.69,0.843,0.733,75.56,765.11,0.46,18862,-20.907,-48.641
2010,3531605,MONTE CASTELO,SP,Sudeste,0.741,0.709,0.814,0.706,73.81,646.15,0.38,4063,-21.299,-51.569
2010,3531704,MONTEIRO LOBATO,SP,Sudeste,0.71,0.627,0.826,0.692,74.53,593.95,0.48,4095,-22.957,-45.84
2010,3531803,MONTE MOR,SP,Sudeste,0.733,0.639,0.863,0.713,76.78,674.23,0.44,48724,-22.947,-47.316
2010,3531902,MORRO AGUDO,SP,Sudeste,0.712,0.604,0.836,0.716,75.15,687.37,0.45,29050,-20.731,-48.058
2010,3532009,MORUNGABA,SP,Sudeste,0.715,0.627,0.802,0.726,73.1,733.72,0.41,11730,-22.88,-46.792
2010,3532058,MOTUCA,SP,Sudeste,0.741,0.691,0.859,0.685,76.51,567.17,0.45,4009,-21.508,-48.151
2010,3532108,MURUTINGA DO SUL,SP,Sudeste,0.726,0.643,0.847,0.703,75.84,636.47,0.43,4140,-20.993,-51.278
2010,3532157,NANTES,SP,Sudeste,0.714,0.702,0.79,0.655,72.41,472.28,0.35,2707,-22.621,-51.237
2010,3532207,NARANDIBA,SP,Sudeste,0.718,0.67,0.839,0.659,75.33,482.74,0.36,4266,-22.407,-51.524
2010,3532306,NATIVIDADE DA SERRA,SP,Sudeste,0.655,0.52,0.814,0.664,73.86,496.93,0.51,6500,-23.376,-45.442
2010,3532405,NAZARÉ PAULISTA,SP,Sudeste,0.678,0.559,0.818,0.681,74.08,554.18,0.45,16163,-23.181,-46.395
2010,3532504,NEVES PAULISTA,SP,Sudeste,0.754,0.707,0.823,0.737,74.38,784.55,0.4,8745,-20.846,-49.63
2010,3532603,NHANDEARA,SP,Sudeste,0.751,0.672,0.835,0.755,75.08,878.42,0.49,10492,-20.694,-50.038
2010,3532702,NIPOÃ,SP,Sudeste,0.713,0.636,0.814,0.701,73.81,628.33,0.37,4268,-20.913,-49.778
2010,3532801,NOVA ALIANÇA,SP,Sudeste,0.738,0.684,0.826,0.71,74.56,662.48,0.38,5858,-21.016,-49.496
2010,3532827,NOVA CAMPINA,SP,Sudeste,0.651,0.577,0.799,0.598,72.94,330.03,0.47,8404,-24.121,-48.904
2010,3532843,NOVA CANAÃ PAULISTA,SP,Sudeste,0.715,0.675,0.806,0.673,73.33,526.58,0.34,2091,-20.386,-50.949
2010,3532868,NOVA CASTILHO,SP,Sudeste,0.756,0.755,0.823,0.694,74.38,600.13,0.36,1125,-20.763,-50.343
2010,3532900,NOVA EUROPA,SP,Sudeste,0.765,0.718,0.869,0.718,77.11,697.32,0.39,9295,-21.778,-48.561
2010,3533007,NOVA GRANADA,SP,Sudeste,0.739,0.68,0.818,0.727,74.05,737.29,0.44,19097,-20.534,-49.314
2010,3533106,NOVA GUATAPORANGA,SP,Sudeste,0.726,0.644,0.842,0.707,75.52,652.36,0.41,2169,-21.334,-51.644
2010,3533205,NOVA INDEPENDÊNCIA,SP,Sudeste,0.735,0.711,0.827,0.675,74.63,533.68,0.36,2962,-21.104,-51.49
2010,3533254,NOVAIS,SP,Sudeste,0.719,0.634,0.822,0.712,74.32,671.15,0.45,4587,-20.992,-48.919
2010,3533304,NOVA LUZITÂNIA,SP,Sudeste,0.743,0.719,0.808,0.705,73.49,643.07,0.35,3431,-20.856,-50.262
2010,3533403,NOVA ODESSA,SP,Sudeste,0.791,0.762,0.861,0.755,76.68,878.14,0.41,50978,-22.778,-47.296
2010,3533502,NOVO HORIZONTE,SP,Sudeste,0.753,0.665,0.865,0.741,76.92,806.75,0.45,36479,-21.468,-49.221
2010,3533601,NUPORANGA,SP,Sudeste,0.746,0.656,0.866,0.73,76.94,751.92,0.45,6783,-20.73,-47.749
2010,3533700,OCAUÇU,SP,Sudeste,0.717,0.653,0.83,0.679,74.81,547.66,0.39,4130,-22.439,-49.923
2010,3533809,ÓLEO,SP,Sudeste,0.73,0.637,0.858,0.713,76.46,676.94,0.43,2673,-22.941,-49.342
2010,3533908,OLÍMPIA,SP,Sudeste,0.773,0.724,0.867,0.737,77.02,783.14,0.43,49865,-20.737,-48.915
2010,3534005,ONDA VERDE,SP,Sudeste,0.738,0.671,0.863,0.693,76.78,597.67,0.34,3853,-20.614,-49.299
2010,3534104,ORIENTE,SP,Sudeste,0.77,0.761,0.837,0.717,75.22,694.16,0.44,6085,-22.153,-50.091
2010,3534203,ORINDIÚVA,SP,Sudeste,0.767,0.762,0.824,0.719,74.42,699.63,0.38,5643,-20.182,-49.351
2010,3534302,ORLÂNDIA,SP,Sudeste,0.78,0.703,0.882,0.765,77.89,934.54,0.5,39610,-20.72,-47.887
2010,3534401,OSASCO,SP,Sudeste,0.776,0.718,0.84,0.776,75.42,1003.4,0.53,664836,-23.533,-46.792
2010,3534500,OSCAR BRESSANE,SP,Sudeste,0.749,0.715,0.823,0.713,74.36,675.35,0.45,2528,-22.318,-50.281
2010,3534609,OSVALDO CRUZ,SP,Sudeste,0.762,0.713,0.837,0.74,75.22,797.55,0.46,29646,-21.797,-50.89
2010,3534708,OURINHOS,SP,Sudeste,0.778,0.727,0.859,0.753,76.53,868.91,0.5,102690,-22.979,-49.871
2010,3534757,OUROESTE,SP,Sudeste,0.77,0.736,0.866,0.717,76.93,694.33,0.43,8332,-20.001,-50.372
2010,3534807,OURO VERDE,SP,Sudeste,0.692,0.612,0.814,0.666,73.81,504.63,0.39,7789,-21.489,-51.7
2010,3534906,PACAEMBU,SP,Sudeste,0.725,0.631,0.843,0.717,75.6,694.16,0.45,10857,-21.562,-51.261
2010,3535002,PALESTINA,SP,Sudeste,0.732,0.645,0.848,0.717,75.88,692.43,0.4,11023,-20.39,-49.433
2010,3535101,PALMARES PAULISTA,SP,Sudeste,0.722,0.645,0.837,0.698,75.21,615.01,0.34,10922,-21.083,-48.801
2010,3535200,PALMEIRA D'OESTE,SP,Sudeste,0.753,0.714,0.829,0.72,74.76,707.38,0.42,9536,-20.416,-50.762
2010,3535309,PALMITAL,SP,Sudeste,0.746,0.702,0.814,0.727,73.83,739.37,0.44,21011,-22.789,-50.218
2010,3535408,PANORAMA,SP,Sudeste,0.722,0.639,0.814,0.724,73.81,722.51,0.51,14525,-21.356,-51.86
2010,3535507,PARAGUAÇU PAULISTA,SP,Sudeste,0.762,0.739,0.836,0.717,75.18,694.42,0.45,40879,-22.413,-50.576
2010,3535606,PARAIBUNA,SP,Sudeste,0.719,0.642,0.815,0.709,73.91,657.59,0.51,17136,-23.386,-45.662
2010,3535705,PARAÍSO,SP,Sudeste,0.749,0.668,0.837,0.751,75.19,855.28,0.45,5891,-21.016,-48.774
2010,3535804,PARANAPANEMA,SP,Sudeste,0.717,0.631,0.839,0.697,75.31,613.31,0.47,17673,-23.389,-48.723
2010,3535903,PARANAPUÃ,SP,Sudeste,0.732,0.655,0.842,0.712,75.52,670.18,0.45,3799,-20.103,-50.586
2010,3536000,PARAPUÃ,SP,Sudeste,0.737,0.696,0.83,0.693,74.78,597.44,0.42,10793,-21.783,-50.793
2010,3536109,PARDINHO,SP,Sudeste,0.727,0.652,0.821,0.718,74.23,696.71,0.46,5544,-23.081,-48.374
2010,3536208,PARIQUERA-AÇU,SP,Sudeste,0.736,0.678,0.862,0.682,76.7,557.69,0.47,18311,-24.715,-47.881
2010,3536257,PARISI,SP,Sudeste,0.721,0.619,0.842,0.72,75.5,705.62,0.4,2032,-20.304,-50.015
2010,3536307,PATROCÍNIO PAULISTA,SP,Sudeste,0.73,0.678,0.826,0.696,74.55,607.51,0.42,12949,-20.639,-47.282
2010,3536406,PAULICÉIA,SP,Sudeste,0.711,0.64,0.811,0.692,73.64,592.42,0.44,6249,-21.318,-51.831
2010,3536505,PAULÍNIA,SP,Sudeste,0.795,0.727,0.864,0.8,76.83,1160.79,0.48,82005,-22.761,-47.154
2010,3536570,PAULISTÂNIA,SP,Sudeste,0.718,0.663,0.817,0.683,74.04,560.94,0.43,1764,-22.578,-49.403
2010,3536604,PAULO DE FARIA,SP,Sudeste,0.725,0.662,0.8,0.721,73,708.63,0.51,8527,-20.031,-49.383
2010,3536703,PEDERNEIRAS,SP,Sudeste,0.739,0.673,0.812,0.738,73.74,788.42,0.49,41138,-22.352,-48.775
2010,3536802,PEDRA BELA,SP,Sudeste,0.677,0.581,0.796,0.671,72.77,521.38,0.41,5735,-22.793,-46.443
2010,3536901,PEDRANÓPOLIS,SP,Sudeste,0.742,0.684,0.854,0.698,76.26,615.77,0.38,2558,-20.248,-50.11
2010,3537008,PEDREGULHO,SP,Sudeste,0.715,0.623,0.82,0.716,74.2,690.08,0.49,15627,-20.257,-47.477
2010,3537107,PEDREIRA,SP,Sudeste,0.769,0.701,0.864,0.75,76.82,853.76,0.42,41401,-22.742,-46.901
2010,3537156,PEDRINHAS PAULISTA,SP,Sudeste,0.774,0.739,0.837,0.749,75.19,847.63,0.56,2931,-22.815,-50.794
2010,3537206,PEDRO DE TOLEDO,SP,Sudeste,0.696,0.634,0.812,0.654,73.71,467.93,0.47,10128,-24.275,-47.233
2010,3537305,PENÁPOLIS,SP,Sudeste,0.759,0.68,0.859,0.748,76.55,840.16,0.47,58241,-21.42,-50.078
2010,3537404,PEREIRA BARRETO,SP,Sudeste,0.766,0.732,0.845,0.728,75.71,743.94,0.48,24611,-20.638,-51.109
2010,3537503,PEREIRAS,SP,Sudeste,0.736,0.637,0.873,0.717,77.35,692.35,0.44,7444,-23.076,-47.976
2010,3537602,PERUÍBE,SP,Sudeste,0.749,0.675,0.854,0.73,76.24,753.85,0.53,59352,-24.32,-46.998
2010,3537701,PIACATU,SP,Sudeste,0.732,0.684,0.843,0.681,75.57,553.99,0.4,5097,-21.592,-50.599
2010,3537800,PIEDADE,SP,Sudeste,0.716,0.624,0.848,0.694,75.87,601.32,0.47,51223,-23.712,-47.428
2010,3537909,PILAR DO SUL,SP,Sudeste,0.69,0.594,0.82,0.674,74.18,531.06,0.43,26218,-23.813,-47.716
2010,3538006,PINDAMONHANGABA,SP,Sudeste,0.773,0.736,0.843,0.745,75.58,826.02,0.52,146323,-22.924,-45.462
2010,3538105,PINDORAMA,SP,Sudeste,0.737,0.654,0.842,0.726,75.51,732.68,0.39,14894,-21.186,-48.907
2010,3538204,PINHALZINHO,SP,Sudeste,0.725,0.666,0.808,0.707,73.49,652.43,0.42,13010,-22.779,-46.591
2010,3538303,PIQUEROBI,SP,Sudeste,0.711,0.644,0.836,0.669,75.18,514.47,0.42,3504,-21.868,-51.729
2010,3538501,PIQUETE,SP,Sudeste,0.757,0.74,0.823,0.711,74.38,665.74,0.49,14002,-22.614,-45.176
2010,3538600,PIRACAIA,SP,Sudeste,0.739,0.625,0.851,0.758,76.03,893.05,0.57,24989,-23.054,-46.358
2010,3538709,PIRACICABA,SP,Sudeste,0.785,0.717,0.848,0.797,75.88,1143.2,0.52,362938,-22.725,-47.649
2010,3538808,PIRAJU,SP,Sudeste,0.758,0.699,0.843,0.74,75.59,801.23,0.48,28347,-23.194,-49.384
2010,3538907,PIRAJUÍ,SP,Sudeste,0.749,0.672,0.853,0.734,76.18,770.38,0.47,19560,-21.999,-49.457
2010,3539004,PIRANGI,SP,Sudeste,0.756,0.701,0.837,0.735,75.19,774.99,0.38,10558,-21.091,-48.658
2010,3539103,PIRAPORA DO BOM JESUS,SP,Sudeste,0.727,0.698,0.81,0.679,73.59,546.69,0.47,15703,-23.397,-47.002
2010,3539202,PIRAPOZINHO,SP,Sudeste,0.776,0.733,0.863,0.74,76.79,798,0.52,24559,-22.275,-51.5
2010,3539301,PIRASSUNUNGA,SP,Sudeste,0.801,0.736,0.884,0.789,78.03,1086.22,0.51,69798,-21.996,-47.426
2010,3539400,PIRATININGA,SP,Sudeste,0.779,0.723,0.859,0.762,76.53,917.62,0.48,11672,-22.413,-49.135
2010,3539509,PITANGUEIRAS,SP,Sudeste,0.723,0.651,0.83,0.699,74.77,620.66,0.41,35185,-21.009,-48.222
2010,3539608,PLANALTO,SP,Sudeste,0.719,0.639,0.853,0.683,76.19,560.64,0.37,4463,-21.034,-49.929
2010,3539707,PLATINA,SP,Sudeste,0.719,0.652,0.824,0.691,74.41,591.1,0.49,3184,-22.638,-50.204
2010,3539806,POÁ,SP,Sudeste,0.771,0.754,0.856,0.71,76.33,664.31,0.43,105660,-23.528,-46.345
2010,3539905,POLONI,SP,Sudeste,0.766,0.717,0.853,0.736,76.18,778.41,0.39,5385,-20.785,-49.824
2010,3540002,POMPÉIA,SP,Sudeste,0.786,0.748,0.864,0.75,76.81,850.38,0.47,19896,-22.109,-50.172
2010,3540101,PONGAÍ,SP,Sudeste,0.755,0.701,0.844,0.727,75.65,736.33,0.45,3447,-21.736,-49.367
2010,3540200,PONTAL,SP,Sudeste,0.725,0.633,0.838,0.718,75.27,699.28,0.44,40083,-21.023,-48.037
2010,3540259,PONTALINDA,SP,Sudeste,0.702,0.604,0.847,0.677,75.84,541.56,0.38,4050,-20.441,-50.523
2010,3540309,PONTES GESTAL,SP,Sudeste,0.732,0.69,0.805,0.705,73.3,642.68,0.38,2515,-20.167,-49.703
2010,3540408,POPULINA,SP,Sudeste,0.714,0.647,0.804,0.699,73.25,621.48,0.41,4208,-19.954,-50.538
2010,3540507,PORANGABA,SP,Sudeste,0.703,0.578,0.864,0.696,76.81,606.65,0.48,8209,-23.176,-48.125
2010,3540606,PORTO FELIZ,SP,Sudeste,0.758,0.706,0.836,0.737,75.14,785.76,0.45,48375,-23.215,-47.524
2010,3540705,PORTO FERREIRA,SP,Sudeste,0.751,0.696,0.827,0.736,74.63,779,0.45,51283,-21.854,-47.479
2010,3540754,POTIM,SP,Sudeste,0.697,0.646,0.806,0.651,73.38,460.22,0.37,16751,-22.843,-45.251
2010,3540804,POTIRENDABA,SP,Sudeste,0.747,0.661,0.857,0.737,76.41,785.96,0.4,15418,-21.043,-49.377
2010,3540853,PRACINHA,SP,Sudeste,0.696,0.629,0.814,0.658,73.82,480.62,0.38,1521,-21.851,-51.087
2010,3540903,PRADÓPOLIS,SP,Sudeste,0.733,0.65,0.822,0.738,74.34,788.76,0.45,17165,-21.359,-48.066
2010,3541000,PRAIA GRANDE,SP,Sudeste,0.754,0.692,0.834,0.744,75.04,820.97,0.49,261387,-24.006,-46.403
2010,3541059,PRATÂNIA,SP,Sudeste,0.701,0.633,0.798,0.681,72.86,553.4,0.4,4599,-22.808,-48.666
2010,3541109,PRESIDENTE ALVES,SP,Sudeste,0.735,0.689,0.811,0.711,73.65,665.72,0.47,4106,-22.1,-49.438
2010,3541208,PRESIDENTE BERNARDES,SP,Sudeste,0.757,0.719,0.839,0.718,75.34,695.29,0.46,13387,-22.006,-51.553
2010,3541307,PRESIDENTE EPITÁCIO,SP,Sudeste,0.75,0.7,0.845,0.714,75.72,680.56,0.47,40740,-21.763,-52.116
2010,3541406,PRESIDENTE PRUDENTE,SP,Sudeste,0.806,0.774,0.858,0.788,76.49,1080.22,0.54,205525,-22.126,-51.389
2010,3541505,PRESIDENTE VENCESLAU,SP,Sudeste,0.763,0.708,0.837,0.749,75.19,846.18,0.49,36292,-21.876,-51.844
2010,3541604,PROMISSÃO,SP,Sudeste,0.743,0.666,0.85,0.724,75.99,726,0.43,35314,-21.537,-49.858
2010,3541653,QUADRA,SP,Sudeste,0.678,0.541,0.822,0.7,74.3,625.35,0.49,3205,-23.299,-48.055
2010,3541703,QUATÁ,SP,Sudeste,0.738,0.7,0.814,0.706,73.84,648.64,0.41,12684,-22.248,-50.698
2010,3541802,QUEIROZ,SP,Sudeste,0.715,0.681,0.811,0.662,73.65,491.84,0.42,2779,-21.799,-50.24
2010,3541901,QUELUZ,SP,Sudeste,0.722,0.687,0.823,0.665,74.38,500.25,0.46,10552,-22.537,-44.774
2010,3542008,QUINTANA,SP,Sudeste,0.732,0.703,0.811,0.689,73.65,581.09,0.43,6004,-22.073,-50.308
2010,3542107,RAFARD,SP,Sudeste,0.745,0.696,0.823,0.722,74.37,717.07,0.4,8598,-23.012,-47.527
2010,3542206,RANCHARIA,SP,Sudeste,0.751,0.683,0.861,0.72,76.64,707.37,0.47,28705,-22.229,-50.893
2010,3542305,REDENÇÃO DA SERRA,SP,Sudeste,0.657,0.56,0.799,0.633,72.95,411.77,0.45,3749,-23.267,-45.537
2010,3542404,REGENTE FEIJÓ,SP,Sudeste,0.768,0.752,0.818,0.735,74.1,774.14,0.46,18456,-22.221,-51.303
2010,3542503,REGINÓPOLIS,SP,Sudeste,0.728,0.66,0.817,0.715,74.04,685.32,0.41,5267,-21.888,-49.225
2010,3542602,REGISTRO,SP,Sudeste,0.754,0.702,0.851,0.718,76.08,699.41,0.52,54058,-24.488,-47.844
2010,3542701,RESTINGA,SP,Sudeste,0.705,0.639,0.826,0.664,74.55,499.24,0.38,6526,-20.603,-47.483
2010,3542800,RIBEIRA,SP,Sudeste,0.698,0.673,0.797,0.635,72.83,416.85,0.47,3319,-24.657,-49.009
2010,3542909,RIBEIRÃO BONITO,SP,Sudeste,0.712,0.625,0.811,0.712,73.66,673.96,0.46,12087,-22.067,-48.176
2010,3543006,RIBEIRÃO BRANCO,SP,Sudeste,0.639,0.553,0.797,0.592,72.83,318.44,0.46,17928,-24.221,-48.766
2010,3543105,RIBEIRÃO CORRENTE,SP,Sudeste,0.711,0.642,0.814,0.688,73.86,579.04,0.42,4269,-20.457,-47.59
2010,3543204,RIBEIRÃO DO SUL,SP,Sudeste,0.747,0.676,0.818,0.753,74.05,866.43,0.59,4443,-22.784,-49.934
2010,3543238,RIBEIRÃO DOS ÍNDIOS,SP,Sudeste,0.721,0.701,0.809,0.661,73.52,489.94,0.38,2183,-21.837,-51.604
2010,3543253,RIBEIRÃO GRANDE,SP,Sudeste,0.705,0.676,0.807,0.643,73.43,436.21,0.41,7380,-24.099,-48.365
2010,3543303,RIBEIRÃO PIRES,SP,Sudeste,0.784,0.76,0.847,0.749,75.81,847.11,0.44,112775,-23.711,-46.413
2010,3543402,RIBEIRÃO PRETO,SP,Sudeste,0.8,0.739,0.844,0.82,75.65,1314.04,0.54,598544,-21.178,-47.81
2010,3543501,RIVERSUL,SP,Sudeste,0.664,0.577,0.799,0.634,72.94,412.42,0.5,6115,-23.828,-49.429
2010,3543600,RIFAINA,SP,Sudeste,0.74,0.69,0.824,0.713,74.42,677.62,0.45,3410,-20.081,-47.421
2010,3543709,RINCÃO,SP,Sudeste,0.734,0.682,0.826,0.701,74.53,626.27,0.44,10271,-21.587,-48.071
2010,3543808,RINÓPOLIS,SP,Sudeste,0.723,0.644,0.843,0.696,75.59,606.9,0.43,9903,-21.726,-50.722
2010,3543907,RIO CLARO,SP,Sudeste,0.803,0.766,0.862,0.784,76.72,1049.16,0.5,185130,-22.411,-47.561
2010,3544004,RIO DAS PEDRAS,SP,Sudeste,0.759,0.7,0.842,0.741,75.49,804,0.45,29409,-22.843,-47.606
2010,3544103,RIO GRANDE DA SERRA,SP,Sudeste,0.749,0.745,0.823,0.684,74.36,563.57,0.39,43673,-23.744,-46.398
2010,3544202,RIOLÂNDIA,SP,Sudeste,0.703,0.629,0.817,0.677,74.04,539.22,0.4,9308,-19.99,-49.681
2010,3544251,ROSANA,SP,Sudeste,0.764,0.728,0.818,0.749,74.1,843.59,0.6,19371,-22.58,-53.059
2010,3544301,ROSEIRA,SP,Sudeste,0.737,0.704,0.823,0.691,74.38,588.39,0.43,9519,-22.898,-45.305
2010,3544400,RUBIÁCEA,SP,Sudeste,0.721,0.668,0.82,0.684,74.17,565.62,0.37,2724,-21.301,-50.727
2010,3544509,RUBINÉIA,SP,Sudeste,0.759,0.726,0.844,0.713,75.64,676.48,0.39,2850,-20.179,-51.002
2010,3544608,SABINO,SP,Sudeste,0.728,0.671,0.813,0.708,73.76,655.4,0.41,5210,-21.46,-49.578
2010,3544707,SAGRES,SP,Sudeste,0.73,0.677,0.83,0.692,74.78,592.88,0.47,2395,-21.884,-50.956
2010,3544806,SALES,SP,Sudeste,0.751,0.697,0.859,0.708,76.56,654.79,0.42,5418,-21.341,-49.485
2010,3544905,SALES OLIVEIRA,SP,Sudeste,0.772,0.739,0.845,0.738,75.71,789.73,0.43,10538,-20.772,-47.838
2010,3545001,SALESÓPOLIS,SP,Sudeste,0.732,0.69,0.829,0.687,74.75,576.55,0.42,15559,-23.532,-45.846
2010,3545100,SALMOURÃO,SP,Sudeste,0.719,0.649,0.846,0.678,75.77,544.52,0.39,4775,-21.624,-50.861
2010,3545159,SALTINHO,SP,Sudeste,0.791,0.75,0.857,0.771,76.39,967.88,0.39,7050,-22.847,-47.677
2010,3545209,SALTO,SP,Sudeste,0.78,0.751,0.837,0.755,75.19,876.67,0.45,105180,-23.201,-47.287
2010,3545308,SALTO DE PIRAPORA,SP,Sudeste,0.729,0.665,0.834,0.699,75.04,618.93,0.44,39223,-23.649,-47.573
2010,3545407,SALTO GRANDE,SP,Sudeste,0.704,0.637,0.825,0.664,74.5,499.65,0.42,8679,-22.893,-49.986
2010,3545506,SANDOVALINA,SP,Sudeste,0.709,0.659,0.812,0.665,73.73,502.4,0.43,3662,-22.456,-51.763
2010,3545605,SANTA ADÉLIA,SP,Sudeste,0.76,0.702,0.835,0.75,75.08,853.14,0.43,14184,-21.243,-48.804
2010,3545704,SANTA ALBERTINA,SP,Sudeste,0.728,0.665,0.809,0.716,73.51,686.89,0.42,5655,-20.032,-50.728
2010,3545803,SANTA BÁRBARA D'OESTE,SP,Sudeste,0.781,0.731,0.867,0.752,77.04,863.02,0.41,179604,-22.754,-47.414
2010,3546009,SANTA BRANCA,SP,Sudeste,0.735,0.678,0.828,0.706,74.68,645.59,0.47,13699,-23.397,-45.884
2010,3546108,SANTA CLARA D'OESTE,SP,Sudeste,0.733,0.687,0.804,0.712,73.25,672.98,0.45,2079,-20.089,-50.954
2010,3546207,SANTA CRUZ DA CONCEIÇÃO,SP,Sudeste,0.79,0.679,0.876,0.83,77.56,1400.46,0.67,3990,-22.14,-47.452
2010,3546256,SANTA CRUZ DA ESPERANÇA,SP,Sudeste,0.743,0.686,0.832,0.719,74.89,700.57,0.53,1947,-21.291,-47.43
2010,3546306,SANTA CRUZ DAS PALMEIRAS,SP,Sudeste,0.728,0.635,0.815,0.746,73.87,829.66,0.51,29824,-21.827,-47.249
2010,3546405,SANTA CRUZ DO RIO PARDO,SP,Sudeste,0.762,0.686,0.867,0.744,77,818.3,0.46,43593,-22.899,-49.633
2010,3546504,SANTA ERNESTINA,SP,Sudeste,0.738,0.699,0.802,0.716,73.14,688.24,0.42,5551,-21.463,-48.391
2010,3546603,SANTA FÉ DO SUL,SP,Sudeste,0.784,0.751,0.84,0.763,75.41,924.06,0.49,29081,-20.211,-50.926
2010,3546702,SANTA GERTRUDES,SP,Sudeste,0.737,0.654,0.847,0.723,75.84,718.03,0.38,21561,-22.457,-47.53
2010,3546801,SANTA ISABEL,SP,Sudeste,0.738,0.689,0.834,0.7,75.02,623.11,0.45,49899,-23.316,-46.221
2010,3546900,SANTA LÚCIA,SP,Sudeste,0.737,0.703,0.818,0.696,74.1,609.37,0.39,8233,-21.685,-48.084
2010,3547007,SANTA MARIA DA SERRA,SP,Sudeste,0.686,0.571,0.82,0.688,74.18,578.55,0.45,5388,-22.567,-48.161
2010,3547106,SANTA MERCEDES,SP,Sudeste,0.739,0.699,0.847,0.683,75.79,561.64,0.4,2831,-21.351,-51.755
2010,3547205,SANTANA DA PONTE PENSA,SP,Sudeste,0.773,0.733,0.84,0.751,75.41,856.78,0.42,1640,-20.253,-50.797
2010,3547304,SANTANA DE PARNAÍBA,SP,Sudeste,0.814,0.725,0.849,0.876,75.92,1858.69,0.67,108233,-23.444,-46.918
2010,3547403,SANTA RITA D'OESTE,SP,Sudeste,0.761,0.74,0.839,0.711,75.31,666.14,0.39,2543,-20.143,-50.833
2010,3547502,SANTA RITA DO PASSA QUATRO,SP,Sudeste,0.775,0.686,0.887,0.764,78.22,930.59,0.48,26047,-21.71,-47.478
2010,3547601,SANTA ROSA DE VITERBO,SP,Sudeste,0.77,0.704,0.868,0.746,77.1,829.2,0.5,23703,-21.473,-47.363
2010,3547650,SANTA SALETE,SP,Sudeste,0.772,0.748,0.864,0.712,76.83,673.2,0.35,1447,-20.245,-50.688
2010,3547700,SANTO ANASTÁCIO,SP,Sudeste,0.753,0.689,0.854,0.725,76.22,726.34,0.52,20413,-21.977,-51.652
2010,3547809,SANTO ANDRÉ,SP,Sudeste,0.815,0.769,0.861,0.819,76.66,1304.31,0.53,674891,-23.664,-46.538
2010,3547908,SANTO ANTÔNIO DA ALEGRIA,SP,Sudeste,0.702,0.604,0.83,0.69,74.8,585.63,0.42,6207,-21.087,-47.151
2010,3548005,SANTO ANTÔNIO DE POSSE,SP,Sudeste,0.702,0.576,0.838,0.718,75.3,695.67,0.44,20591,-22.606,-46.919
2010,3548054,SANTO ANTÔNIO DO ARACANGUÁ,SP,Sudeste,0.757,0.728,0.84,0.71,75.41,662.71,0.41,7609,-20.937,-50.496
2010,3548104,SANTO ANTÔNIO DO JARDIM,SP,Sudeste,0.714,0.62,0.835,0.703,75.12,635.11,0.41,5898,-22.116,-46.68
2010,3548203,SANTO ANTÔNIO DO PINHAL,SP,Sudeste,0.706,0.632,0.812,0.685,73.69,569.08,0.47,6450,-22.827,-45.663
2010,3548302,SANTO EXPEDITO,SP,Sudeste,0.732,0.714,0.828,0.664,74.69,497.6,0.41,2799,-21.851,-51.392
2010,3548401,SANTÓPOLIS DO AGUAPEÍ,SP,Sudeste,0.74,0.719,0.83,0.68,74.78,551.5,0.35,4272,-21.638,-50.5
2010,3548500,SANTOS,SP,Sudeste,0.84,0.807,0.852,0.861,76.13,1693.65,0.55,416524,-23.961,-46.334
2010,3548609,SÃO BENTO DO SAPUCAÍ,SP,Sudeste,0.72,0.638,0.812,0.719,73.69,701.89,0.55,10370,-22.689,-45.731
2010,3548708,SÃO BERNARDO DO CAMPO,SP,Sudeste,0.805,0.752,0.861,0.807,76.65,1212.65,0.54,761075,-23.694,-46.565
2010,3548807,SÃO CAETANO DO SUL,SP,Sudeste,0.862,0.811,0.887,0.891,78.2,2043.74,0.54,148195,-23.623,-46.551
2010,3548906,SÃO CARLOS,SP,Sudeste,0.805,0.766,0.863,0.788,76.78,1079.45,0.49,220666,-22.018,-47.891
2010,3549003,SÃO FRANCISCO,SP,Sudeste,0.723,0.658,0.814,0.705,73.82,643.37,0.45,2782,-20.359,-50.697
2010,3549102,SÃO JOÃO DA BOA VISTA,SP,Sudeste,0.797,0.749,0.871,0.776,77.23,998.31,0.51,83234,-21.969,-46.798
2010,3549201,SÃO JOÃO DAS DUAS PONTES,SP,Sudeste,0.72,0.686,0.806,0.675,73.34,532.23,0.36,2566,-20.389,-50.378
2010,3549250,SÃO JOÃO DE IRACEMA,SP,Sudeste,0.748,0.738,0.833,0.682,74.97,559.18,0.37,1780,-20.513,-50.352
2010,3549300,SÃO JOÃO DO PAU D'ALHO,SP,Sudeste,0.75,0.692,0.854,0.714,76.26,680.13,0.33,2098,-21.268,-51.666
2010,3549409,SÃO JOAQUIM DA BARRA,SP,Sudeste,0.762,0.706,0.847,0.74,75.8,799.93,0.42,46359,-20.581,-47.855
2010,3549508,SÃO JOSÉ DA BELA VISTA,SP,Sudeste,0.693,0.58,0.844,0.679,75.61,548.31,0.46,8376,-20.593,-47.64
2010,3549607,SÃO JOSÉ DO BARREIRO,SP,Sudeste,0.684,0.591,0.813,0.666,73.8,506.16,0.55,4008,-22.645,-44.578
2010,3549706,SÃO JOSÉ DO RIO PARDO,SP,Sudeste,0.774,0.717,0.868,0.744,77.05,818.61,0.49,51520,-21.596,-46.889
2010,3549805,SÃO JOSÉ DO RIO PRETO,SP,Sudeste,0.797,0.748,0.846,0.801,75.74,1169.16,0.5,405249,-20.82,-49.379
2010,3549904,SÃO JOSÉ DOS CAMPOS,SP,Sudeste,0.807,0.764,0.855,0.804,76.27,1190.96,0.55,627677,-23.179,-45.887
2010,3549953,SÃO LOURENÇO DA SERRA,SP,Sudeste,0.728,0.666,0.823,0.704,74.36,640.64,0.47,13808,-23.853,-46.943
2010,3550001,SÃO LUÍS DO PARAITINGA,SP,Sudeste,0.697,0.593,0.826,0.691,74.54,590.68,0.48,10317,-23.222,-45.31
2010,3550100,SÃO MANUEL,SP,Sudeste,0.744,0.695,0.805,0.735,73.29,773.82,0.45,38157,-22.731,-48.571
2010,3550209,SÃO MIGUEL ARCANJO,SP,Sudeste,0.71,0.633,0.799,0.708,72.95,657.07,0.57,31124,-23.878,-47.997
2010,3550308,SÃO PAULO,SP,Sudeste,0.805,0.725,0.855,0.843,76.3,1516.21,0.62,11166543,-23.548,-46.636
2010,3550407,SÃO PEDRO,SP,Sudeste,0.755,0.674,0.863,0.741,76.78,803.02,0.46,31550,-22.549,-47.914
2010,3550506,SÃO PEDRO DO TURVO,SP,Sudeste,0.703,0.636,0.826,0.661,74.58,488.08,0.39,7148,-22.747,-49.74
2010,3550605,SÃO ROQUE,SP,Sudeste,0.768,0.687,0.863,0.765,76.79,932.62,0.5,78332,-23.529,-47.135
2010,3550704,SÃO SEBASTIÃO,SP,Sudeste,0.772,0.703,0.875,0.747,77.51,837.48,0.49,73523,-23.76,-45.41
2010,3550803,SÃO SEBASTIÃO DA GRAMA,SP,Sudeste,0.701,0.609,0.82,0.689,74.19,581.04,0.41,12010,-21.711,-46.821
2010,3550902,SÃO SIMÃO,SP,Sudeste,0.766,0.722,0.852,0.732,76.11,761.14,0.45,14300,-21.479,-47.551
2010,3551009,SÃO VICENTE,SP,Sudeste,0.768,0.716,0.857,0.738,76.39,789.32,0.47,330158,-23.963,-46.392
2010,3551108,SARAPUÍ,SP,Sudeste,0.707,0.621,0.814,0.699,73.86,619.86,0.52,8995,-23.641,-47.825
2010,3551207,SARUTAIÁ,SP,Sudeste,0.688,0.603,0.794,0.679,72.65,548.61,0.44,3555,-23.273,-49.48
2010,3551306,SEBASTIANÓPOLIS DO SUL,SP,Sudeste,0.773,0.74,0.835,0.748,75.08,840.63,0.42,3026,-20.655,-49.921
2010,3551405,SERRA AZUL,SP,Sudeste,0.686,0.572,0.81,0.697,73.6,613.57,0.45,8791,-21.311,-47.566
2010,3551504,SERRANA,SP,Sudeste,0.729,0.65,0.835,0.713,75.08,677.75,0.37,38734,-21.211,-47.596
2010,3551603,SERRA NEGRA,SP,Sudeste,0.767,0.676,0.873,0.764,77.36,927.39,0.48,26297,-22.612,-46.701
2010,3551702,SERTÃOZINHO,SP,Sudeste,0.761,0.672,0.855,0.768,76.31,953.23,0.46,109540,-21.138,-47.99
2010,3551801,SETE BARRAS,SP,Sudeste,0.673,0.562,0.832,0.651,74.89,459.28,0.5,12869,-24.388,-47.926
2010,3551900,SEVERÍNIA,SP,Sudeste,0.715,0.638,0.807,0.709,73.42,657.45,0.41,15444,-20.809,-48.803
2010,3552007,SILVEIRAS,SP,Sudeste,0.678,0.584,0.812,0.657,73.72,475.69,0.48,5748,-22.664,-44.853
2010,3552106,SOCORRO,SP,Sudeste,0.729,0.634,0.828,0.737,74.66,785.71,0.44,36501,-22.591,-46.529
2010,3552205,SOROCABA,SP,Sudeste,0.798,0.762,0.843,0.792,75.59,1107.19,0.52,581541,-23.502,-47.458
2010,3552304,SUD MENNUCCI,SP,Sudeste,0.747,0.694,0.809,0.743,73.51,813.95,0.54,7410,-20.691,-50.924
2010,3552403,SUMARÉ,SP,Sudeste,0.762,0.705,0.845,0.744,75.71,820.03,0.45,240998,-22.822,-47.267
2010,3552502,SUZANO,SP,Sudeste,0.765,0.723,0.873,0.708,77.36,654.61,0.47,261011,-23.543,-46.311
2010,3552551,SUZANÁPOLIS,SP,Sudeste,0.699,0.631,0.813,0.665,73.75,500.45,0.41,3383,-20.501,-51.025
2010,3552601,TABAPUÃ,SP,Sudeste,0.735,0.666,0.82,0.726,74.2,731.31,0.4,11280,-20.964,-49.032
2010,3552700,TABATINGA,SP,Sudeste,0.704,0.609,0.818,0.7,74.1,625.39,0.4,14339,-21.717,-48.688
2010,3552809,TABOÃO DA SERRA,SP,Sudeste,0.769,0.71,0.863,0.742,76.79,812.19,0.47,243971,-23.602,-46.753
2010,3552908,TACIBA,SP,Sudeste,0.723,0.684,0.809,0.682,73.52,559.1,0.38,5683,-22.39,-51.285
2010,3553005,TAGUAÍ,SP,Sudeste,0.709,0.631,0.818,0.69,74.05,587.51,0.37,10781,-23.452,-49.409
2010,3553104,TAIAÇU,SP,Sudeste,0.71,0.628,0.814,0.701,73.84,626.12,0.41,5891,-21.144,-48.513
2010,3553203,TAIÚVA,SP,Sudeste,0.76,0.718,0.835,0.732,75.08,761.47,0.42,5427,-21.124,-48.452
2010,3553302,TAMBAÚ,SP,Sudeste,0.731,0.624,0.858,0.729,76.45,747.11,0.45,22289,-21.705,-47.274
2010,3553401,TANABI,SP,Sudeste,0.748,0.687,0.829,0.735,74.73,775.79,0.42,23991,-20.626,-49.649
2010,3553500,TAPIRAÍ,SP,Sudeste,0.681,0.578,0.846,0.647,75.74,449.75,0.44,7941,-23.964,-47.507
2010,3553609,TAPIRATIBA,SP,Sudeste,0.751,0.692,0.87,0.703,77.18,637.12,0.4,12711,-21.468,-46.749
2010,3553658,TAQUARAL,SP,Sudeste,0.759,0.716,0.823,0.742,74.4,811.38,0.51,2714,-21.072,-48.41
2010,3553708,TAQUARITINGA,SP,Sudeste,0.748,0.696,0.827,0.727,74.61,739.25,0.46,53786,-21.406,-48.505
2010,3553807,TAQUARITUBA,SP,Sudeste,0.701,0.606,0.811,0.7,73.65,624.86,0.48,22153,-23.533,-49.244
2010,3553856,TAQUARIVAÍ,SP,Sudeste,0.679,0.626,0.811,0.617,73.64,373.06,0.43,5111,-23.924,-48.693
2010,3553906,TARABAI,SP,Sudeste,0.726,0.697,0.823,0.666,74.37,505.51,0.4,6567,-22.303,-51.559
2010,3553955,TARUMÃ,SP,Sudeste,0.753,0.68,0.852,0.738,76.13,787.79,0.54,12878,-22.747,-50.577
2010,3554003,TATUÍ,SP,Sudeste,0.752,0.688,0.842,0.734,75.52,771.05,0.47,106912,-23.356,-47.857
2010,3554102,TAUBATÉ,SP,Sudeste,0.8,0.746,0.883,0.778,77.98,1011.95,0.51,276183,-23.026,-45.555
2010,3554201,TEJUPÁ,SP,Sudeste,0.668,0.563,0.794,0.668,72.65,510.13,0.48,4732,-23.343,-49.376
2010,3554300,TEODORO SAMPAIO,SP,Sudeste,0.741,0.679,0.856,0.699,76.38,619.79,0.47,21135,-22.533,-52.168
2010,3554409,TERRA ROXA,SP,Sudeste,0.749,0.684,0.838,0.732,75.3,759.32,0.45,8475,-20.789,-48.33
2010,3554508,TIETÊ,SP,Sudeste,0.778,0.698,0.884,0.764,78.04,927.25,0.48,36630,-23.102,-47.715
2010,3554607,TIMBURI,SP,Sudeste,0.71,0.629,0.826,0.688,74.58,580.24,0.46,2621,-23.205,-49.607
2010,3554656,TORRE DE PEDRA,SP,Sudeste,0.714,0.647,0.829,0.679,74.73,548.39,0.39,2233,-23.244,-48.195
2010,3554706,TORRINHA,SP,Sudeste,0.744,0.658,0.852,0.734,76.11,770.15,0.45,9280,-22.426,-48.169
2010,3554755,TRABIJU,SP,Sudeste,0.722,0.697,0.811,0.666,73.63,505.36,0.4,1542,-22.042,-48.336
2010,3554805,TREMEMBÉ,SP,Sudeste,0.785,0.72,0.873,0.769,77.38,959.88,0.53,37302,-22.958,-45.549
2010,3554904,TRÊS FRONTEIRAS,SP,Sudeste,0.753,0.726,0.829,0.71,74.73,663.71,0.41,5385,-20.235,-50.89
2010,3554953,TUIUTI,SP,Sudeste,0.728,0.63,0.871,0.702,77.24,630.49,0.39,5905,-22.816,-46.694
2010,3555000,TUPÃ,SP,Sudeste,0.771,0.704,0.852,0.764,76.1,926.96,0.54,62555,-21.935,-50.514
2010,3555109,TUPI PAULISTA,SP,Sudeste,0.769,0.715,0.835,0.762,75.08,914.36,0.49,13029,-21.381,-51.571
2010,3555208,TURIÚBA,SP,Sudeste,0.751,0.721,0.824,0.713,74.44,676.92,0.35,1928,-20.933,-50.108
2010,3555307,TURMALINA,SP,Sudeste,0.736,0.675,0.817,0.724,74.04,725.06,0.39,1954,-20.052,-50.476
2010,3555356,UBARANA,SP,Sudeste,0.7,0.604,0.844,0.672,75.62,522.27,0.35,5286,-21.166,-49.718
2010,3555406,UBATUBA,SP,Sudeste,0.751,0.679,0.841,0.741,75.47,803.5,0.58,78243,-23.434,-45.071
2010,3555505,UBIRAJARA,SP,Sudeste,0.727,0.674,0.829,0.689,74.72,580.57,0.42,4418,-22.527,-49.663
2010,3555604,UCHOA,SP,Sudeste,0.721,0.644,0.823,0.708,74.36,655.13,0.4,9445,-20.953,-49.175
2010,3555703,UNIÃO PAULISTA,SP,Sudeste,0.749,0.699,0.863,0.697,76.75,610.77,0.35,1599,-20.887,-49.897
2010,3555802,URÂNIA,SP,Sudeste,0.746,0.709,0.804,0.727,73.25,739.08,0.46,8803,-20.246,-50.643
2010,3555901,URU,SP,Sudeste,0.712,0.639,0.832,0.678,74.93,544.1,0.39,1228,-21.784,-49.281
2010,3556008,URUPÊS,SP,Sudeste,0.745,0.683,0.817,0.741,74.03,805.66,0.43,12668,-21.202,-49.29
2010,3556107,VALENTIM GENTIL,SP,Sudeste,0.735,0.692,0.81,0.708,73.62,654.97,0.36,10975,-20.422,-50.088
2010,3556206,VALINHOS,SP,Sudeste,0.819,0.763,0.85,0.848,76.01,1570.91,0.54,106411,-22.971,-46.996
2010,3556305,VALPARAÍSO,SP,Sudeste,0.725,0.643,0.825,0.719,74.47,701.02,0.45,20259,-21.228,-50.868
2010,3556354,VARGEM,SP,Sudeste,0.699,0.591,0.839,0.69,75.36,587.59,0.38,8766,-22.889,-46.414
2010,3556404,VARGEM GRANDE DO SUL,SP,Sudeste,0.737,0.643,0.863,0.721,76.78,711.6,0.42,39144,-21.832,-46.894
2010,3556453,VARGEM GRANDE PAULISTA,SP,Sudeste,0.77,0.683,0.884,0.755,78.02,876.61,0.5,42765,-23.603,-47.026
2010,3556503,VÁRZEA PAULISTA,SP,Sudeste,0.759,0.705,0.863,0.72,76.8,706.02,0.39,106832,-23.211,-46.828
2010,3556602,VERA CRUZ,SP,Sudeste,0.754,0.715,0.83,0.722,74.79,713.66,0.45,10664,-22.22,-49.819
2010,3556701,VINHEDO,SP,Sudeste,0.817,0.739,0.878,0.84,77.68,1493.32,0.53,63120,-23.03,-46.975
2010,3556800,VIRADOURO,SP,Sudeste,0.739,0.683,0.823,0.717,74.4,692.01,0.4,17257,-20.873,-48.297
2010,3556909,VISTA ALEGRE DO ALTO,SP,Sudeste,0.744,0.676,0.84,0.726,75.41,732.14,0.35,6810,-21.171,-48.629
2010,3556958,VITÓRIA BRASIL,SP,Sudeste,0.725,0.685,0.811,0.686,73.63,572.68,0.35,1737,-20.197,-50.484
2010,3557006,VOTORANTIM,SP,Sudeste,0.767,0.747,0.838,0.72,75.3,703.99,0.4,108578,-23.547,-47.438
2010,3557105,VOTUPORANGA,SP,Sudeste,0.79,0.744,0.857,0.772,76.44,977.39,0.49,84502,-20.423,-49.973
2010,3557154,ZACARIAS,SP,Sudeste,0.729,0.674,0.826,0.695,74.56,605.79,0.39,2335,-21.052,-50.051
2010,3557204,CHAVANTES,SP,Sudeste,0.729,0.655,0.828,0.713,74.66,677.3,0.47,12055,-23.039,-49.709
2010,3557303,ESTIVA GERBI,SP,Sudeste,0.74,0.695,0.815,0.716,73.87,686.89,0.41,10001,-22.271,-46.945
